State,Crop,Year,Season,Reason,Failed_At
Andhra Pradesh,Maize,1998,Kharif,No Landsat 5/7 SR T1/T2 scenes found for Andhra Pradesh in 1998-07-01 to 1998-10-28,2026-10-07T20:03:37
Andhra Pradesh,Maize,1998,Rabi,No Landsat 5/7 SR T1/T2 scenes found for Andhra Pradesh in 1998-11-01 to 1999-04-28,2026-10-07T20:03:39
Andhra Pradesh,Rice,1998,Kharif,No Landsat 5/7 SR T1/T2 scenes found for Andhra Pradesh in 1998-07-01 to 1998-10-28,2026-10-07T20:03:41
Andhra Pradesh,Rice,1998,Rabi,No Landsat 5/7 SR T1/T2 scenes found for Andhra Pradesh in 1998-11-01 to 1999-04-28,2026-10-07T20:03:44
Bihar,Maize,2009,Autumn,"Google Earth Engine is required for satellite extraction. Your local Earth Engine session is not initialized.  Run these commands once in PowerShell:   earthengine authenticate   $env:EE_PROJECT='YOUR_PROJECT_ID'  Earth Engine project being used: crop-yield-prediction-509513  Original Earth Engine error: HTTPSConnectionPool(host='oauth2.googleapis.com', port=443): Max retries exceeded with url: /token (Caused by SSLError(SSLCertVerificationError(1, '[SSL: CERTIFICATE_VERIFY_FAILED] certificate verify failed: self-signed certificate in certificate chain (_ssl.c:1081)')))",2026-10-06T21:24:15
Bihar,Maize,2010,Autumn,"Google Earth Engine is required for satellite extraction. Your local Earth Engine session is not initialized.  Run these commands once in PowerShell:   earthengine authenticate   $env:EE_PROJECT='YOUR_PROJECT_ID'  Earth Engine project being used: crop-yield-prediction-509513  Original Earth Engine error: HTTPSConnectionPool(host='oauth2.googleapis.com', port=443): Max retries exceeded with url: /token (Caused by SSLError(SSLCertVerificationError(1, '[SSL: CERTIFICATE_VERIFY_FAILED] certificate verify failed: self-signed certificate in certificate chain (_ssl.c:1081)')))",2026-10-06T21:24:24
Bihar,Maize,2011,Autumn,"Google Earth Engine is required for satellite extraction. Your local Earth Engine session is not initialized.  Run these commands once in PowerShell:   earthengine authenticate   $env:EE_PROJECT='YOUR_PROJECT_ID'  Earth Engine project being used: crop-yield-prediction-509513  Original Earth Engine error: HTTPSConnectionPool(host='oauth2.googleapis.com', port=443): Max retries exceeded with url: /token (Caused by SSLError(SSLCertVerificationError(1, '[SSL: CERTIFICATE_VERIFY_FAILED] certificate verify failed: self-signed certificate in certificate chain (_ssl.c:1081)')))",2026-10-06T21:24:31
Bihar,Maize,2016,Autumn,"HTTPSConnectionPool(host='earthengine.googleapis.com', port=443): Read timed out. (read timeout=60)",2026-10-07T18:39:58
Bihar,Rice,2009,Autumn,"Google Earth Engine is required for satellite extraction. Your local Earth Engine session is not initialized.  Run these commands once in PowerShell:   earthengine authenticate   $env:EE_PROJECT='YOUR_PROJECT_ID'  Earth Engine project being used: crop-yield-prediction-509513  Original Earth Engine error: HTTPSConnectionPool(host='oauth2.googleapis.com', port=443): Max retries exceeded with url: /token (Caused by SSLError(SSLCertVerificationError(1, '[SSL: CERTIFICATE_VERIFY_FAILED] certificate verify failed: self-signed certificate in certificate chain (_ssl.c:1081)')))",2026-10-06T21:24:16
Bihar,Rice,2010,Autumn,"Google Earth Engine is required for satellite extraction. Your local Earth Engine session is not initialized.  Run these commands once in PowerShell:   earthengine authenticate   $env:EE_PROJECT='YOUR_PROJECT_ID'  Earth Engine project being used: crop-yield-prediction-509513  Original Earth Engine error: HTTPSConnectionPool(host='oauth2.googleapis.com', port=443): Max retries exceeded with url: /token (Caused by SSLError(SSLCertVerificationError(1, '[SSL: CERTIFICATE_VERIFY_FAILED] certificate verify failed: self-signed certificate in certificate chain (_ssl.c:1081)')))",2026-10-06T21:24:24
Bihar,Rice,2011,Autumn,"Google Earth Engine is required for satellite extraction. Your local Earth Engine session is not initialized.  Run these commands once in PowerShell:   earthengine authenticate   $env:EE_PROJECT='YOUR_PROJECT_ID'  Earth Engine project being used: crop-yield-prediction-509513  Original Earth Engine error: HTTPSConnectionPool(host='oauth2.googleapis.com', port=443): Max retries exceeded with url: /token (Caused by SSLError(SSLCertVerificationError(1, '[SSL: CERTIFICATE_VERIFY_FAILED] certificate verify failed: self-signed certificate in certificate chain (_ssl.c:1081)')))",2026-10-06T21:24:31
Bihar,Rice,2015,Winter,"Google Earth Engine is required for satellite extraction. Your local Earth Engine session is not initialized.  Run these commands once in PowerShell:   earthengine authenticate   $env:EE_PROJECT='YOUR_PROJECT_ID'  Earth Engine project being used: crop-yield-prediction-509513  Original Earth Engine error: ('Connection aborted.', RemoteDisconnected('Remote end closed connection without response'))",2026-10-07T18:26:58
Bihar,Rice,2019,Summer,"('Connection aborted.', ConnectionResetError(10054, 'An existing connection was forcibly closed by the remote host', None, 10054, None))",2026-10-07T19:27:20
Gujarat,Maize,2010,Summer,"Google Earth Engine is required for satellite extraction. Your local Earth Engine session is not initialized.  Run these commands once in PowerShell:   earthengine authenticate   $env:EE_PROJECT='YOUR_PROJECT_ID'  Earth Engine project being used: crop-yield-prediction-509513  Original Earth Engine error: HTTPSConnectionPool(host='oauth2.googleapis.com', port=443): Max retries exceeded with url: /token (Caused by SSLError(SSLCertVerificationError(1, '[SSL: CERTIFICATE_VERIFY_FAILED] certificate verify failed: self-signed certificate in certificate chain (_ssl.c:1081)')))",2026-10-06T21:24:25
Gujarat,Maize,2011,Summer,"Google Earth Engine is required for satellite extraction. Your local Earth Engine session is not initialized.  Run these commands once in PowerShell:   earthengine authenticate   $env:EE_PROJECT='YOUR_PROJECT_ID'  Earth Engine project being used: crop-yield-prediction-509513  Original Earth Engine error: HTTPSConnectionPool(host='oauth2.googleapis.com', port=443): Max retries exceeded with url: /token (Caused by SSLError(SSLCertVerificationError(1, '[SSL: CERTIFICATE_VERIFY_FAILED] certificate verify failed: self-signed certificate in certificate chain (_ssl.c:1081)')))",2026-10-06T21:24:32
Gujarat,Maize,2019,Summer,"Google Earth Engine is required for satellite extraction. Your local Earth Engine session is not initialized.  Run these commands once in PowerShell:   earthengine authenticate   $env:EE_PROJECT='YOUR_PROJECT_ID'  Earth Engine project being used: crop-yield-prediction-509513  Original Earth Engine error: HTTPSConnectionPool(host='oauth2.googleapis.com', port=443): Max retries exceeded with url: /token (Caused by SSLError(SSLCertVerificationError(1, '[SSL: CERTIFICATE_VERIFY_FAILED] certificate verify failed: self-signed certificate in certificate chain (_ssl.c:1081)')))",2026-10-07T19:27:21
Gujarat,Rice,2009,Summer,"Google Earth Engine is required for satellite extraction. Your local Earth Engine session is not initialized.  Run these commands once in PowerShell:   earthengine authenticate   $env:EE_PROJECT='YOUR_PROJECT_ID'  Earth Engine project being used: crop-yield-prediction-509513  Original Earth Engine error: HTTPSConnectionPool(host='oauth2.googleapis.com', port=443): Max retries exceeded with url: /token (Caused by SSLError(SSLCertVerificationError(1, '[SSL: CERTIFICATE_VERIFY_FAILED] certificate verify failed: self-signed certificate in certificate chain (_ssl.c:1081)')))",2026-10-06T21:24:17
Gujarat,Rice,2010,Summer,"Google Earth Engine is required for satellite extraction. Your local Earth Engine session is not initialized.  Run these commands once in PowerShell:   earthengine authenticate   $env:EE_PROJECT='YOUR_PROJECT_ID'  Earth Engine project being used: crop-yield-prediction-509513  Original Earth Engine error: HTTPSConnectionPool(host='oauth2.googleapis.com', port=443): Max retries exceeded with url: /token (Caused by SSLError(SSLCertVerificationError(1, '[SSL: CERTIFICATE_VERIFY_FAILED] certificate verify failed: self-signed certificate in certificate chain (_ssl.c:1081)')))",2026-10-06T21:24:25
Gujarat,Rice,2011,Summer,"Google Earth Engine is required for satellite extraction. Your local Earth Engine session is not initialized.  Run these commands once in PowerShell:   earthengine authenticate   $env:EE_PROJECT='YOUR_PROJECT_ID'  Earth Engine project being used: crop-yield-prediction-509513  Original Earth Engine error: HTTPSConnectionPool(host='oauth2.googleapis.com', port=443): Max retries exceeded with url: /token (Caused by SSLError(SSLCertVerificationError(1, '[SSL: CERTIFICATE_VERIFY_FAILED] certificate verify failed: self-signed certificate in certificate chain (_ssl.c:1081)')))",2026-10-06T21:24:32
Gujarat,Rice,2019,Summer,"Google Earth Engine is required for satellite extraction. Your local Earth Engine session is not initialized.  Run these commands once in PowerShell:   earthengine authenticate   $env:EE_PROJECT='YOUR_PROJECT_ID'  Earth Engine project being used: crop-yield-prediction-509513  Original Earth Engine error: HTTPSConnectionPool(host='oauth2.googleapis.com', port=443): Max retries exceeded with url: /token (Caused by SSLError(SSLCertVerificationError(1, '[SSL: CERTIFICATE_VERIFY_FAILED] certificate verify failed: self-signed certificate in certificate chain (_ssl.c:1081)')))",2026-10-07T19:27:22
Jharkhand,Maize,2008,Autumn,"Google Earth Engine is required for satellite extraction. Your local Earth Engine session is not initialized.  Run these commands once in PowerShell:   earthengine authenticate   $env:EE_PROJECT='YOUR_PROJECT_ID'  Earth Engine project being used: crop-yield-prediction-509513  Original Earth Engine error: HTTPSConnectionPool(host='oauth2.googleapis.com', port=443): Max retries exceeded with url: /token (Caused by SSLError(SSLCertVerificationError(1, '[SSL: CERTIFICATE_VERIFY_FAILED] certificate verify failed: self-signed certificate in certificate chain (_ssl.c:1081)')))",2026-10-06T21:24:14
Jharkhand,Maize,2009,Autumn,"Google Earth Engine is required for satellite extraction. Your local Earth Engine session is not initialized.  Run these commands once in PowerShell:   earthengine authenticate   $env:EE_PROJECT='YOUR_PROJECT_ID'  Earth Engine project being used: crop-yield-prediction-509513  Original Earth Engine error: HTTPSConnectionPool(host='oauth2.googleapis.com', port=443): Max retries exceeded with url: /token (Caused by SSLError(SSLCertVerificationError(1, '[SSL: CERTIFICATE_VERIFY_FAILED] certificate verify failed: self-signed certificate in certificate chain (_ssl.c:1081)')))",2026-10-06T21:24:20
Jharkhand,Rice,2008,Autumn,"Google Earth Engine is required for satellite extraction. Your local Earth Engine session is not initialized.  Run these commands once in PowerShell:   earthengine authenticate   $env:EE_PROJECT='YOUR_PROJECT_ID'  Earth Engine project being used: crop-yield-prediction-509513  Original Earth Engine error: HTTPSConnectionPool(host='oauth2.googleapis.com', port=443): Max retries exceeded with url: /token (Caused by SSLError(SSLCertVerificationError(1, '[SSL: CERTIFICATE_VERIFY_FAILED] certificate verify failed: self-signed certificate in certificate chain (_ssl.c:1081)')))",2026-10-06T21:24:15
Jharkhand,Rice,2009,Autumn,"Google Earth Engine is required for satellite extraction. Your local Earth Engine session is not initialized.  Run these commands once in PowerShell:   earthengine authenticate   $env:EE_PROJECT='YOUR_PROJECT_ID'  Earth Engine project being used: crop-yield-prediction-509513  Original Earth Engine error: HTTPSConnectionPool(host='oauth2.googleapis.com', port=443): Max retries exceeded with url: /token (Caused by SSLError(SSLCertVerificationError(1, '[SSL: CERTIFICATE_VERIFY_FAILED] certificate verify failed: self-signed certificate in certificate chain (_ssl.c:1081)')))",2026-10-06T21:24:20
Jharkhand,Rice,2013,Autumn,"HTTPSConnectionPool(host='earthengine.googleapis.com', port=443): Read timed out. (read timeout=60)",2026-10-06T21:48:59
Kerala,Maize,2019,Whole Year,"HTTPSConnectionPool(host='earthengine.googleapis.com', port=443): Read timed out. (read timeout=60)",2026-10-06T20:33:34
Kerala,Rice,1998,Autumn,No Landsat 5/7 SR T1/T2 scenes found for Kerala in 1998-07-01 to 1998-10-28,2026-10-07T19:59:12
Kerala,Rice,1998,Summer,No Landsat 5/7 SR T1/T2 scenes found for Kerala in 1998-03-01 to 1998-06-28,2026-10-07T19:59:15
Kerala,Rice,1998,Winter,No Landsat 5/7 SR T1/T2 scenes found for Kerala in 1998-07-01 to 1998-10-28,2026-10-07T19:59:21
Kerala,Rice,1999,Summer,No Landsat 5/7 SR T1/T2 scenes found for Kerala in 1999-03-01 to 1999-06-28,2026-10-07T19:59:26
Kerala,Rice,2010,Summer,No Landsat 5/7 SR T1/T2 scenes found for Kerala in 2010-03-01 to 2010-06-28,2026-10-07T19:59:34
Madhya Pradesh,Maize,2009,Whole Year,User memory limit exceeded.,2026-10-07T20:18:22
Madhya Pradesh,Maize,2019,Summer,"Google Earth Engine is required for satellite extraction. Your local Earth Engine session is not initialized.  Run these commands once in PowerShell:   earthengine authenticate   $env:EE_PROJECT='YOUR_PROJECT_ID'  Earth Engine project being used: crop-yield-prediction-509513  Original Earth Engine error: HTTPSConnectionPool(host='oauth2.googleapis.com', port=443): Max retries exceeded with url: /token (Caused by SSLError(SSLCertVerificationError(1, '[SSL: CERTIFICATE_VERIFY_FAILED] certificate verify failed: self-signed certificate in certificate chain (_ssl.c:1081)')))",2026-10-07T19:27:22
Madhya Pradesh,Rice,2009,Whole Year,User memory limit exceeded.,2026-10-07T20:18:35
Madhya Pradesh,Rice,2019,Summer,"Google Earth Engine is required for satellite extraction. Your local Earth Engine session is not initialized.  Run these commands once in PowerShell:   earthengine authenticate   $env:EE_PROJECT='YOUR_PROJECT_ID'  Earth Engine project being used: crop-yield-prediction-509513  Original Earth Engine error: HTTPSConnectionPool(host='oauth2.googleapis.com', port=443): Max retries exceeded with url: /token (Caused by SSLError(SSLCertVerificationError(1, '[SSL: CERTIFICATE_VERIFY_FAILED] certificate verify failed: self-signed certificate in certificate chain (_ssl.c:1081)')))",2026-10-07T19:27:23
Maharashtra,Maize,2009,Summer,"Google Earth Engine is required for satellite extraction. Your local Earth Engine session is not initialized.  Run these commands once in PowerShell:   earthengine authenticate   $env:EE_PROJECT='YOUR_PROJECT_ID'  Earth Engine project being used: crop-yield-prediction-509513  Original Earth Engine error: HTTPSConnectionPool(host='oauth2.googleapis.com', port=443): Max retries exceeded with url: /token (Caused by SSLError(SSLCertVerificationError(1, '[SSL: CERTIFICATE_VERIFY_FAILED] certificate verify failed: self-signed certificate in certificate chain (_ssl.c:1081)')))",2026-10-06T21:24:17
Maharashtra,Maize,2010,Summer,"Google Earth Engine is required for satellite extraction. Your local Earth Engine session is not initialized.  Run these commands once in PowerShell:   earthengine authenticate   $env:EE_PROJECT='YOUR_PROJECT_ID'  Earth Engine project being used: crop-yield-prediction-509513  Original Earth Engine error: HTTPSConnectionPool(host='oauth2.googleapis.com', port=443): Max retries exceeded with url: /token (Caused by SSLError(SSLCertVerificationError(1, '[SSL: CERTIFICATE_VERIFY_FAILED] certificate verify failed: self-signed certificate in certificate chain (_ssl.c:1081)')))",2026-10-06T21:24:26
Maharashtra,Maize,2011,Summer,"Google Earth Engine is required for satellite extraction. Your local Earth Engine session is not initialized.  Run these commands once in PowerShell:   earthengine authenticate   $env:EE_PROJECT='YOUR_PROJECT_ID'  Earth Engine project being used: crop-yield-prediction-509513  Original Earth Engine error: HTTPSConnectionPool(host='oauth2.googleapis.com', port=443): Max retries exceeded with url: /token (Caused by SSLError(SSLCertVerificationError(1, '[SSL: CERTIFICATE_VERIFY_FAILED] certificate verify failed: self-signed certificate in certificate chain (_ssl.c:1081)')))",2026-10-06T21:24:32
Maharashtra,Maize,2019,Summer,"Google Earth Engine is required for satellite extraction. Your local Earth Engine session is not initialized.  Run these commands once in PowerShell:   earthengine authenticate   $env:EE_PROJECT='YOUR_PROJECT_ID'  Earth Engine project being used: crop-yield-prediction-509513  Original Earth Engine error: HTTPSConnectionPool(host='oauth2.googleapis.com', port=443): Max retries exceeded with url: /token (Caused by SSLError(SSLCertVerificationError(1, '[SSL: CERTIFICATE_VERIFY_FAILED] certificate verify failed: self-signed certificate in certificate chain (_ssl.c:1081)')))",2026-10-07T19:27:23
Maharashtra,Rice,2009,Summer,"Google Earth Engine is required for satellite extraction. Your local Earth Engine session is not initialized.  Run these commands once in PowerShell:   earthengine authenticate   $env:EE_PROJECT='YOUR_PROJECT_ID'  Earth Engine project being used: crop-yield-prediction-509513  Original Earth Engine error: HTTPSConnectionPool(host='oauth2.googleapis.com', port=443): Max retries exceeded with url: /token (Caused by SSLError(SSLCertVerificationError(1, '[SSL: CERTIFICATE_VERIFY_FAILED] certificate verify failed: self-signed certificate in certificate chain (_ssl.c:1081)')))",2026-10-06T21:24:18
Maharashtra,Rice,2010,Summer,"Google Earth Engine is required for satellite extraction. Your local Earth Engine session is not initialized.  Run these commands once in PowerShell:   earthengine authenticate   $env:EE_PROJECT='YOUR_PROJECT_ID'  Earth Engine project being used: crop-yield-prediction-509513  Original Earth Engine error: HTTPSConnectionPool(host='oauth2.googleapis.com', port=443): Max retries exceeded with url: /token (Caused by SSLError(SSLCertVerificationError(1, '[SSL: CERTIFICATE_VERIFY_FAILED] certificate verify failed: self-signed certificate in certificate chain (_ssl.c:1081)')))",2026-10-06T21:24:26
Maharashtra,Rice,2011,Summer,"Google Earth Engine is required for satellite extraction. Your local Earth Engine session is not initialized.  Run these commands once in PowerShell:   earthengine authenticate   $env:EE_PROJECT='YOUR_PROJECT_ID'  Earth Engine project being used: crop-yield-prediction-509513  Original Earth Engine error: HTTPSConnectionPool(host='oauth2.googleapis.com', port=443): Max retries exceeded with url: /token (Caused by SSLError(SSLCertVerificationError(1, '[SSL: CERTIFICATE_VERIFY_FAILED] certificate verify failed: self-signed certificate in certificate chain (_ssl.c:1081)')))",2026-10-06T21:24:33
Maharashtra,Rice,2019,Summer,"Google Earth Engine is required for satellite extraction. Your local Earth Engine session is not initialized.  Run these commands once in PowerShell:   earthengine authenticate   $env:EE_PROJECT='YOUR_PROJECT_ID'  Earth Engine project being used: crop-yield-prediction-509513  Original Earth Engine error: HTTPSConnectionPool(host='oauth2.googleapis.com', port=443): Max retries exceeded with url: /token (Caused by SSLError(SSLCertVerificationError(1, '[SSL: CERTIFICATE_VERIFY_FAILED] certificate verify failed: self-signed certificate in certificate chain (_ssl.c:1081)')))",2026-10-07T19:27:24
Mizoram,Rice,2010,Autumn,"Google Earth Engine is required for satellite extraction. Your local Earth Engine session is not initialized.  Run these commands once in PowerShell:   earthengine authenticate   $env:EE_PROJECT='YOUR_PROJECT_ID'  Earth Engine project being used: crop-yield-prediction-509513  Original Earth Engine error: HTTPSConnectionPool(host='oauth2.googleapis.com', port=443): Max retries exceeded with url: /token (Caused by SSLError(SSLCertVerificationError(1, '[SSL: CERTIFICATE_VERIFY_FAILED] certificate verify failed: self-signed certificate in certificate chain (_ssl.c:1081)')))",2026-10-06T21:24:27
Mizoram,Rice,2011,Autumn,"Google Earth Engine is required for satellite extraction. Your local Earth Engine session is not initialized.  Run these commands once in PowerShell:   earthengine authenticate   $env:EE_PROJECT='YOUR_PROJECT_ID'  Earth Engine project being used: crop-yield-prediction-509513  Original Earth Engine error: HTTPSConnectionPool(host='oauth2.googleapis.com', port=443): Max retries exceeded with url: /token (Caused by SSLError(SSLCertVerificationError(1, '[SSL: CERTIFICATE_VERIFY_FAILED] certificate verify failed: self-signed certificate in certificate chain (_ssl.c:1081)')))",2026-10-06T21:24:33
Mizoram,Rice,2019,Autumn,"Google Earth Engine is required for satellite extraction. Your local Earth Engine session is not initialized.  Run these commands once in PowerShell:   earthengine authenticate   $env:EE_PROJECT='YOUR_PROJECT_ID'  Earth Engine project being used: crop-yield-prediction-509513  Original Earth Engine error: HTTPSConnectionPool(host='oauth2.googleapis.com', port=443): Max retries exceeded with url: /token (Caused by SSLError(SSLCertVerificationError(1, '[SSL: CERTIFICATE_VERIFY_FAILED] certificate verify failed: self-signed certificate in certificate chain (_ssl.c:1081)')))",2026-10-07T19:27:24
Odisha,Maize,1998,Autumn,"Google Earth Engine is required for satellite extraction. Your local Earth Engine session is not initialized.  Run these commands once in PowerShell:   earthengine authenticate   $env:EE_PROJECT='YOUR_PROJECT_ID'  Earth Engine project being used: crop-yield-prediction-509513  Original Earth Engine error: HTTPSConnectionPool(host='oauth2.googleapis.com', port=443): Max retries exceeded with url: /token (Caused by SSLError(SSLCertVerificationError(1, '[SSL: CERTIFICATE_VERIFY_FAILED] certificate verify failed: self-signed certificate in certificate chain (_ssl.c:1081)')))",2026-10-07T19:27:30
Odisha,Maize,2019,Autumn,"Google Earth Engine is required for satellite extraction. Your local Earth Engine session is not initialized.  Run these commands once in PowerShell:   earthengine authenticate   $env:EE_PROJECT='YOUR_PROJECT_ID'  Earth Engine project being used: crop-yield-prediction-509513  Original Earth Engine error: HTTPSConnectionPool(host='oauth2.googleapis.com', port=443): Max retries exceeded with url: /token (Caused by SSLError(SSLCertVerificationError(1, '[SSL: CERTIFICATE_VERIFY_FAILED] certificate verify failed: self-signed certificate in certificate chain (_ssl.c:1081)')))",2026-10-07T19:27:24
Odisha,Rice,1998,Autumn,"Google Earth Engine is required for satellite extraction. Your local Earth Engine session is not initialized.  Run these commands once in PowerShell:   earthengine authenticate   $env:EE_PROJECT='YOUR_PROJECT_ID'  Earth Engine project being used: crop-yield-prediction-509513  Original Earth Engine error: HTTPSConnectionPool(host='oauth2.googleapis.com', port=443): Max retries exceeded with url: /token (Caused by SSLError(SSLCertVerificationError(1, '[SSL: CERTIFICATE_VERIFY_FAILED] certificate verify failed: self-signed certificate in certificate chain (_ssl.c:1081)')))",2026-10-07T19:27:30
Odisha,Rice,1999,Summer,No Landsat 5/7 SR T1/T2 scenes found for Odisha in 1999-03-01 to 1999-06-28,2026-10-07T20:03:56
Odisha,Rice,2019,Autumn,"Google Earth Engine is required for satellite extraction. Your local Earth Engine session is not initialized.  Run these commands once in PowerShell:   earthengine authenticate   $env:EE_PROJECT='YOUR_PROJECT_ID'  Earth Engine project being used: crop-yield-prediction-509513  Original Earth Engine error: HTTPSConnectionPool(host='oauth2.googleapis.com', port=443): Max retries exceeded with url: /token (Caused by SSLError(SSLCertVerificationError(1, '[SSL: CERTIFICATE_VERIFY_FAILED] certificate verify failed: self-signed certificate in certificate chain (_ssl.c:1081)')))",2026-10-07T19:27:25
Puducherry,Rice,1998,Kharif,No Landsat 5/7 SR T1/T2 scenes found for Puducherry in 1998-07-01 to 1998-10-28,2026-10-07T19:59:02
Puducherry,Rice,1998,Rabi,No Landsat 5/7 SR T1/T2 scenes found for Puducherry in 1998-11-01 to 1999-04-28,2026-10-07T19:59:06
Puducherry,Rice,1998,Summer,No Landsat 5/7 SR T1/T2 scenes found for Puducherry in 1998-03-01 to 1998-06-28,2026-10-07T19:59:09
Puducherry,Rice,2003,Kharif,No Landsat 5/7 SR T1/T2 scenes found for Puducherry in 2003-07-01 to 2003-10-28,2026-10-07T19:59:29
Tamil Nadu,Maize,1998,Kharif,No Landsat 5/7 SR T1/T2 scenes found for Tamil Nadu in 1998-07-01 to 1998-10-28,2026-10-07T20:03:48
Tamil Nadu,Rice,1998,Kharif,No Landsat 5/7 SR T1/T2 scenes found for Tamil Nadu in 1998-07-01 to 1998-10-28,2026-10-07T20:03:51
Tripura,Rice,2019,Autumn,"Google Earth Engine is required for satellite extraction. Your local Earth Engine session is not initialized.  Run these commands once in PowerShell:   earthengine authenticate   $env:EE_PROJECT='YOUR_PROJECT_ID'  Earth Engine project being used: crop-yield-prediction-509513  Original Earth Engine error: HTTPSConnectionPool(host='oauth2.googleapis.com', port=443): Max retries exceeded with url: /token (Caused by SSLError(SSLCertVerificationError(1, '[SSL: CERTIFICATE_VERIFY_FAILED] certificate verify failed: self-signed certificate in certificate chain (_ssl.c:1081)')))",2026-10-07T19:27:25
Uttar Pradesh,Maize,2008,Summer,"HTTPSConnectionPool(host='earthengine.googleapis.com', port=443): Max retries exceeded with url: /v1/projects/crop-yield-prediction-509513/thumbnails/ece27c597a0f2a0b9b78f2de8799102b-0a2418d1311a4a89281afc3be6637204:getPixels (Caused by SSLError(SSLEOFError(8, '[SSL: UNEXPECTED_EOF_WHILE_READING] EOF occurred in violation of protocol (_ssl.c:1081)')))",2026-10-06T21:24:12
Uttar Pradesh,Maize,2009,Summer,"Google Earth Engine is required for satellite extraction. Your local Earth Engine session is not initialized.  Run these commands once in PowerShell:   earthengine authenticate   $env:EE_PROJECT='YOUR_PROJECT_ID'  Earth Engine project being used: crop-yield-prediction-509513  Original Earth Engine error: HTTPSConnectionPool(host='oauth2.googleapis.com', port=443): Max retries exceeded with url: /token (Caused by SSLError(SSLCertVerificationError(1, '[SSL: CERTIFICATE_VERIFY_FAILED] certificate verify failed: self-signed certificate in certificate chain (_ssl.c:1081)')))",2026-10-06T21:24:19
Uttar Pradesh,Maize,2010,Summer,"Google Earth Engine is required for satellite extraction. Your local Earth Engine session is not initialized.  Run these commands once in PowerShell:   earthengine authenticate   $env:EE_PROJECT='YOUR_PROJECT_ID'  Earth Engine project being used: crop-yield-prediction-509513  Original Earth Engine error: HTTPSConnectionPool(host='oauth2.googleapis.com', port=443): Max retries exceeded with url: /token (Caused by SSLError(SSLCertVerificationError(1, '[SSL: CERTIFICATE_VERIFY_FAILED] certificate verify failed: self-signed certificate in certificate chain (_ssl.c:1081)')))",2026-10-06T21:24:28
Uttar Pradesh,Maize,2011,Summer,"Google Earth Engine is required for satellite extraction. Your local Earth Engine session is not initialized.  Run these commands once in PowerShell:   earthengine authenticate   $env:EE_PROJECT='YOUR_PROJECT_ID'  Earth Engine project being used: crop-yield-prediction-509513  Original Earth Engine error: HTTPSConnectionPool(host='oauth2.googleapis.com', port=443): Max retries exceeded with url: /token (Caused by SSLError(SSLCertVerificationError(1, '[SSL: CERTIFICATE_VERIFY_FAILED] certificate verify failed: self-signed certificate in certificate chain (_ssl.c:1081)')))",2026-10-06T21:24:34
Uttar Pradesh,Maize,2017,Summer,"HTTPSConnectionPool(host='earthengine.googleapis.com', port=443): Read timed out. (read timeout=60)",2026-10-07T19:04:00
Uttar Pradesh,Maize,2019,Summer,"Google Earth Engine is required for satellite extraction. Your local Earth Engine session is not initialized.  Run these commands once in PowerShell:   earthengine authenticate   $env:EE_PROJECT='YOUR_PROJECT_ID'  Earth Engine project being used: crop-yield-prediction-509513  Original Earth Engine error: HTTPSConnectionPool(host='oauth2.googleapis.com', port=443): Max retries exceeded with url: /token (Caused by SSLError(SSLCertVerificationError(1, '[SSL: CERTIFICATE_VERIFY_FAILED] certificate verify failed: self-signed certificate in certificate chain (_ssl.c:1081)')))",2026-10-07T19:27:26
Uttar Pradesh,Rice,2008,Summer,"Google Earth Engine is required for satellite extraction. Your local Earth Engine session is not initialized.  Run these commands once in PowerShell:   earthengine authenticate   $env:EE_PROJECT='YOUR_PROJECT_ID'  Earth Engine project being used: crop-yield-prediction-509513  Original Earth Engine error: HTTPSConnectionPool(host='oauth2.googleapis.com', port=443): Max retries exceeded with url: /token (Caused by SSLError(SSLCertVerificationError(1, '[SSL: CERTIFICATE_VERIFY_FAILED] certificate verify failed: self-signed certificate in certificate chain (_ssl.c:1081)')))",2026-10-06T21:24:13
Uttar Pradesh,Rice,2009,Summer,"Google Earth Engine is required for satellite extraction. Your local Earth Engine session is not initialized.  Run these commands once in PowerShell:   earthengine authenticate   $env:EE_PROJECT='YOUR_PROJECT_ID'  Earth Engine project being used: crop-yield-prediction-509513  Original Earth Engine error: HTTPSConnectionPool(host='oauth2.googleapis.com', port=443): Max retries exceeded with url: /token (Caused by SSLError(SSLCertVerificationError(1, '[SSL: CERTIFICATE_VERIFY_FAILED] certificate verify failed: self-signed certificate in certificate chain (_ssl.c:1081)')))",2026-10-06T21:24:19
Uttar Pradesh,Rice,2010,Summer,"Google Earth Engine is required for satellite extraction. Your local Earth Engine session is not initialized.  Run these commands once in PowerShell:   earthengine authenticate   $env:EE_PROJECT='YOUR_PROJECT_ID'  Earth Engine project being used: crop-yield-prediction-509513  Original Earth Engine error: HTTPSConnectionPool(host='oauth2.googleapis.com', port=443): Max retries exceeded with url: /token (Caused by SSLError(SSLCertVerificationError(1, '[SSL: CERTIFICATE_VERIFY_FAILED] certificate verify failed: self-signed certificate in certificate chain (_ssl.c:1081)')))",2026-10-06T21:24:28
Uttar Pradesh,Rice,2019,Summer,"Google Earth Engine is required for satellite extraction. Your local Earth Engine session is not initialized.  Run these commands once in PowerShell:   earthengine authenticate   $env:EE_PROJECT='YOUR_PROJECT_ID'  Earth Engine project being used: crop-yield-prediction-509513  Original Earth Engine error: HTTPSConnectionPool(host='oauth2.googleapis.com', port=443): Max retries exceeded with url: /token (Caused by SSLError(SSLCertVerificationError(1, '[SSL: CERTIFICATE_VERIFY_FAILED] certificate verify failed: self-signed certificate in certificate chain (_ssl.c:1081)')))",2026-10-07T19:27:27
Uttarakhand,Maize,2008,Summer,"Google Earth Engine is required for satellite extraction. Your local Earth Engine session is not initialized.  Run these commands once in PowerShell:   earthengine authenticate   $env:EE_PROJECT='YOUR_PROJECT_ID'  Earth Engine project being used: crop-yield-prediction-509513  Original Earth Engine error: HTTPSConnectionPool(host='oauth2.googleapis.com', port=443): Max retries exceeded with url: /token (Caused by SSLError(SSLCertVerificationError(1, '[SSL: CERTIFICATE_VERIFY_FAILED] certificate verify failed: self-signed certificate in certificate chain (_ssl.c:1081)')))",2026-10-06T21:24:13
Uttarakhand,Maize,2019,Summer,"Google Earth Engine is required for satellite extraction. Your local Earth Engine session is not initialized.  Run these commands once in PowerShell:   earthengine authenticate   $env:EE_PROJECT='YOUR_PROJECT_ID'  Earth Engine project being used: crop-yield-prediction-509513  Original Earth Engine error: HTTPSConnectionPool(host='oauth2.googleapis.com', port=443): Max retries exceeded with url: /token (Caused by SSLError(SSLCertVerificationError(1, '[SSL: CERTIFICATE_VERIFY_FAILED] certificate verify failed: self-signed certificate in certificate chain (_ssl.c:1081)')))",2026-10-07T19:27:28
Uttarakhand,Maize,2020,Summer,"Google Earth Engine is required for satellite extraction. Your local Earth Engine session is not initialized.  Run these commands once in PowerShell:   earthengine authenticate   $env:EE_PROJECT='YOUR_PROJECT_ID'  Earth Engine project being used: crop-yield-prediction-509513  Original Earth Engine error: HTTPSConnectionPool(host='oauth2.googleapis.com', port=443): Max retries exceeded with url: /token (Caused by SSLError(SSLCertVerificationError(1, '[SSL: CERTIFICATE_VERIFY_FAILED] certificate verify failed: self-signed certificate in certificate chain (_ssl.c:1081)')))",2026-10-07T19:27:29
Uttarakhand,Rice,2008,Summer,"Google Earth Engine is required for satellite extraction. Your local Earth Engine session is not initialized.  Run these commands once in PowerShell:   earthengine authenticate   $env:EE_PROJECT='YOUR_PROJECT_ID'  Earth Engine project being used: crop-yield-prediction-509513  Original Earth Engine error: HTTPSConnectionPool(host='oauth2.googleapis.com', port=443): Max retries exceeded with url: /token (Caused by SSLError(SSLCertVerificationError(1, '[SSL: CERTIFICATE_VERIFY_FAILED] certificate verify failed: self-signed certificate in certificate chain (_ssl.c:1081)')))",2026-10-06T21:24:14
Uttarakhand,Rice,2019,Summer,"Google Earth Engine is required for satellite extraction. Your local Earth Engine session is not initialized.  Run these commands once in PowerShell:   earthengine authenticate   $env:EE_PROJECT='YOUR_PROJECT_ID'  Earth Engine project being used: crop-yield-prediction-509513  Original Earth Engine error: HTTPSConnectionPool(host='oauth2.googleapis.com', port=443): Max retries exceeded with url: /token (Caused by SSLError(SSLCertVerificationError(1, '[SSL: CERTIFICATE_VERIFY_FAILED] certificate verify failed: self-signed certificate in certificate chain (_ssl.c:1081)')))",2026-10-07T19:27:28
Uttarakhand,Rice,2020,Summer,"Google Earth Engine is required for satellite extraction. Your local Earth Engine session is not initialized.  Run these commands once in PowerShell:   earthengine authenticate   $env:EE_PROJECT='YOUR_PROJECT_ID'  Earth Engine project being used: crop-yield-prediction-509513  Original Earth Engine error: HTTPSConnectionPool(host='oauth2.googleapis.com', port=443): Max retries exceeded with url: /token (Caused by SSLError(SSLCertVerificationError(1, '[SSL: CERTIFICATE_VERIFY_FAILED] certificate verify failed: self-signed certificate in certificate chain (_ssl.c:1081)')))",2026-10-07T19:27:30
West Bengal,Maize,2009,Autumn,"Google Earth Engine is required for satellite extraction. Your local Earth Engine session is not initialized.  Run these commands once in PowerShell:   earthengine authenticate   $env:EE_PROJECT='YOUR_PROJECT_ID'  Earth Engine project being used: crop-yield-prediction-509513  Original Earth Engine error: HTTPSConnectionPool(host='oauth2.googleapis.com', port=443): Max retries exceeded with url: /token (Caused by SSLError(SSLCertVerificationError(1, '[SSL: CERTIFICATE_VERIFY_FAILED] certificate verify failed: self-signed certificate in certificate chain (_ssl.c:1081)')))",2026-10-06T21:24:21
West Bengal,Maize,2009,Summer,"HTTPSConnectionPool(host='earthengine.googleapis.com', port=443): Read timed out. (read timeout=60)",2026-10-07T20:15:59
West Bengal,Maize,2010,Autumn,"Google Earth Engine is required for satellite extraction. Your local Earth Engine session is not initialized.  Run these commands once in PowerShell:   earthengine authenticate   $env:EE_PROJECT='YOUR_PROJECT_ID'  Earth Engine project being used: crop-yield-prediction-509513  Original Earth Engine error: HTTPSConnectionPool(host='oauth2.googleapis.com', port=443): Max retries exceeded with url: /token (Caused by SSLError(SSLCertVerificationError(1, '[SSL: CERTIFICATE_VERIFY_FAILED] certificate verify failed: self-signed certificate in certificate chain (_ssl.c:1081)')))",2026-10-06T21:24:29
West Bengal,Maize,2019,Autumn,"Google Earth Engine is required for satellite extraction. Your local Earth Engine session is not initialized.  Run these commands once in PowerShell:   earthengine authenticate   $env:EE_PROJECT='YOUR_PROJECT_ID'  Earth Engine project being used: crop-yield-prediction-509513  Original Earth Engine error: HTTPSConnectionPool(host='oauth2.googleapis.com', port=443): Max retries exceeded with url: /token (Caused by SSLError(SSLCertVerificationError(1, '[SSL: CERTIFICATE_VERIFY_FAILED] certificate verify failed: self-signed certificate in certificate chain (_ssl.c:1081)')))",2026-10-07T19:27:28
West Bengal,Rice,2009,Autumn,"Google Earth Engine is required for satellite extraction. Your local Earth Engine session is not initialized.  Run these commands once in PowerShell:   earthengine authenticate   $env:EE_PROJECT='YOUR_PROJECT_ID'  Earth Engine project being used: crop-yield-prediction-509513  Original Earth Engine error: HTTPSConnectionPool(host='oauth2.googleapis.com', port=443): Max retries exceeded with url: /token (Caused by SSLError(SSLCertVerificationError(1, '[SSL: CERTIFICATE_VERIFY_FAILED] certificate verify failed: self-signed certificate in certificate chain (_ssl.c:1081)')))",2026-10-06T21:24:22
West Bengal,Rice,2010,Autumn,"Google Earth Engine is required for satellite extraction. Your local Earth Engine session is not initialized.  Run these commands once in PowerShell:   earthengine authenticate   $env:EE_PROJECT='YOUR_PROJECT_ID'  Earth Engine project being used: crop-yield-prediction-509513  Original Earth Engine error: HTTPSConnectionPool(host='oauth2.googleapis.com', port=443): Max retries exceeded with url: /token (Caused by SSLError(SSLCertVerificationError(1, '[SSL: CERTIFICATE_VERIFY_FAILED] certificate verify failed: self-signed certificate in certificate chain (_ssl.c:1081)')))",2026-10-06T21:24:30
West Bengal,Rice,2015,Summer,"HTTPSConnectionPool(host='earthengine.googleapis.com', port=443): Read timed out. (read timeout=60)",2026-10-07T18:38:11
West Bengal,Rice,2019,Autumn,"Google Earth Engine is required for satellite extraction. Your local Earth Engine session is not initialized.  Run these commands once in PowerShell:   earthengine authenticate   $env:EE_PROJECT='YOUR_PROJECT_ID'  Earth Engine project being used: crop-yield-prediction-509513  Original Earth Engine error: HTTPSConnectionPool(host='oauth2.googleapis.com', port=443): Max retries exceeded with url: /token (Caused by SSLError(SSLCertVerificationError(1, '[SSL: CERTIFICATE_VERIFY_FAILED] certificate verify failed: self-signed certificate in certificate chain (_ssl.c:1081)')))",2026-10-07T19:27:29
