State,Crop,Crop_Year,Season
West Bengal,Moong(Green Gram),1997,Rabi
West Bengal,Moong(Green Gram),1998,Rabi
Puducherry,Moong(Green Gram),1999,Rabi
West Bengal,Moong(Green Gram),1999,Rabi
Puducherry,Moong(Green Gram),2000,Rabi
West Bengal,Moong(Green Gram),2000,Rabi
Assam,Moong(Green Gram),2001,Rabi
Puducherry,Moong(Green Gram),2001,Rabi
West Bengal,Moong(Green Gram),2001,Rabi
Assam,Moong(Green Gram),2002,Rabi
West Bengal,Moong(Green Gram),2002,Rabi
Assam,Moong(Green Gram),2003,Rabi
Puducherry,Moong(Green Gram),2003,Rabi
West Bengal,Moong(Green Gram),2003,Rabi
Assam,Moong(Green Gram),2005,Rabi
West Bengal,Moong(Green Gram),2005,Rabi
Assam,Moong(Green Gram),2006,Rabi
West Bengal,Moong(Green Gram),2006,Rabi
Assam,Moong(Green Gram),2007,Rabi
Assam,Moong(Green Gram),2008,Rabi
Assam,Moong(Green Gram),2009,Rabi
Assam,Moong(Green Gram),2010,Rabi
Assam,Moong(Green Gram),2011,Rabi
Tamil Nadu,Moong(Green Gram),2011,Whole Year
Assam,Moong(Green Gram),2012,Rabi
Assam,Moong(Green Gram),2013,Rabi
Assam,Moong(Green Gram),2014,Rabi
Assam,Moong(Green Gram),2015,Rabi
Assam,Moong(Green Gram),2016,Rabi
Assam,Moong(Green Gram),2017,Rabi
Assam,Moong(Green Gram),2018,Rabi
Assam,Moong(Green Gram),2019,Rabi
Punjab,Moong(Green Gram),1997,Whole Year
Andhra Pradesh,Moong(Green Gram),1998,Kharif
Andhra Pradesh,Moong(Green Gram),1998,Rabi
Tamil Nadu,Moong(Green Gram),1998,Kharif
Tripura,Moong(Green Gram),1998,Rabi
Chhattisgarh,Moong(Green Gram),2000,Rabi
Chhattisgarh,Moong(Green Gram),2001,Rabi
Chhattisgarh,Moong(Green Gram),2002,Rabi
Uttarakhand,Moong(Green Gram),2002,Summer
Chhattisgarh,Moong(Green Gram),2003,Rabi
Madhya Pradesh,Moong(Green Gram),2003,Rabi
Assam,Moong(Green Gram),2004,Rabi
Chhattisgarh,Moong(Green Gram),2004,Rabi
Tripura,Moong(Green Gram),2004,Rabi
West Bengal,Moong(Green Gram),2004,Rabi
Chhattisgarh,Moong(Green Gram),2005,Rabi
Tripura,Moong(Green Gram),2005,Rabi
Chhattisgarh,Moong(Green Gram),2006,Rabi
Madhya Pradesh,Moong(Green Gram),2006,Rabi
Tripura,Moong(Green Gram),2006,Rabi
Chhattisgarh,Moong(Green Gram),2007,Rabi
Tripura,Moong(Green Gram),2007,Rabi
Chhattisgarh,Moong(Green Gram),2008,Rabi
Tripura,Moong(Green Gram),2008,Rabi
Uttar Pradesh,Moong(Green Gram),2008,Summer
Bihar,Moong(Green Gram),2009,Summer
Chhattisgarh,Moong(Green Gram),2009,Rabi
Tripura,Moong(Green Gram),2009,Rabi
Uttar Pradesh,Moong(Green Gram),2009,Summer
West Bengal,Moong(Green Gram),2009,Summer
Madhya Pradesh,Moong(Green Gram),2009,Rabi
Bihar,Moong(Green Gram),2010,Summer
Chhattisgarh,Moong(Green Gram),2010,Rabi
Gujarat,Moong(Green Gram),2010,Summer
Madhya Pradesh,Moong(Green Gram),2010,Rabi
Tripura,Moong(Green Gram),2010,Rabi
Uttar Pradesh,Moong(Green Gram),2010,Summer
Jammu and Kashmir,Moong(Green Gram),2010,Rabi
West Bengal,Moong(Green Gram),2010,Summer
Bihar,Moong(Green Gram),2011,Summer
Chhattisgarh,Moong(Green Gram),2011,Rabi
Chhattisgarh,Moong(Green Gram),2011,Summer
Gujarat,Moong(Green Gram),2011,Summer
Madhya Pradesh,Moong(Green Gram),2011,Rabi
Tripura,Moong(Green Gram),2011,Rabi
Chhattisgarh,Moong(Green Gram),2012,Rabi
Madhya Pradesh,Moong(Green Gram),2012,Rabi
Tripura,Moong(Green Gram),2012,Rabi
Madhya Pradesh,Moong(Green Gram),2013,Rabi
Tripura,Moong(Green Gram),2013,Rabi
Chhattisgarh,Moong(Green Gram),2014,Rabi
Tripura,Moong(Green Gram),2014,Rabi
Chhattisgarh,Moong(Green Gram),2015,Rabi
West Bengal,Moong(Green Gram),2015,Summer
Bihar,Moong(Green Gram),2016,Summer
Chhattisgarh,Moong(Green Gram),2016,Rabi
Gujarat,Moong(Green Gram),2016,Summer
Uttar Pradesh,Moong(Green Gram),2016,Summer
Uttarakhand,Moong(Green Gram),2016,Summer
West Bengal,Moong(Green Gram),2016,Summer
Bihar,Moong(Green Gram),2017,Summer
Chhattisgarh,Moong(Green Gram),2017,Rabi
Gujarat,Moong(Green Gram),2017,Summer
Madhya Pradesh,Moong(Green Gram),2017,Summer
Punjab,Moong(Green Gram),2017,Rabi
Uttar Pradesh,Moong(Green Gram),2017,Summer
Uttarakhand,Moong(Green Gram),2017,Summer
West Bengal,Moong(Green Gram),2017,Summer
Bihar,Moong(Green Gram),2018,Summer
Chhattisgarh,Moong(Green Gram),2018,Kharif
Chhattisgarh,Moong(Green Gram),2018,Rabi
Gujarat,Moong(Green Gram),2018,Kharif
Gujarat,Moong(Green Gram),2018,Summer
Haryana,Moong(Green Gram),2018,Kharif
Himachal Pradesh,Moong(Green Gram),2018,Kharif
Jharkhand,Moong(Green Gram),2018,Kharif
Madhya Pradesh,Moong(Green Gram),2018,Kharif
Madhya Pradesh,Moong(Green Gram),2018,Summer
Maharashtra,Moong(Green Gram),2018,Kharif
Manipur,Moong(Green Gram),2018,Kharif
Nagaland,Moong(Green Gram),2018,Kharif
Punjab,Moong(Green Gram),2018,Kharif
Punjab,Moong(Green Gram),2018,Rabi
Telangana,Moong(Green Gram),2018,Kharif
Telangana,Moong(Green Gram),2018,Rabi
Tripura,Moong(Green Gram),2018,Kharif
Uttar Pradesh,Moong(Green Gram),2018,Kharif
Uttar Pradesh,Moong(Green Gram),2018,Summer
Uttarakhand,Moong(Green Gram),2018,Kharif
West Bengal,Moong(Green Gram),2018,Summer
Arunachal Pradesh,Moong(Green Gram),2019,Kharif
Bihar,Moong(Green Gram),2019,Summer
Chhattisgarh,Moong(Green Gram),2019,Kharif
Chhattisgarh,Moong(Green Gram),2019,Rabi
Chhattisgarh,Moong(Green Gram),2019,Summer
Gujarat,Moong(Green Gram),2019,Kharif
Gujarat,Moong(Green Gram),2019,Summer
Haryana,Moong(Green Gram),2019,Kharif
Himachal Pradesh,Moong(Green Gram),2019,Kharif
Jharkhand,Moong(Green Gram),2019,Kharif
Madhya Pradesh,Moong(Green Gram),2019,Kharif
Madhya Pradesh,Moong(Green Gram),2019,Summer
Maharashtra,Moong(Green Gram),2019,Kharif
Nagaland,Moong(Green Gram),2019,Kharif
Odisha,Moong(Green Gram),2019,Autumn
Odisha,Moong(Green Gram),2019,Summer
Odisha,Moong(Green Gram),2019,Winter
Punjab,Moong(Green Gram),2019,Kharif
Punjab,Moong(Green Gram),2019,Rabi
Telangana,Moong(Green Gram),2019,Kharif
Telangana,Moong(Green Gram),2019,Rabi
Tripura,Moong(Green Gram),2019,Kharif
Uttar Pradesh,Moong(Green Gram),2019,Kharif
Uttar Pradesh,Moong(Green Gram),2019,Summer
Uttarakhand,Moong(Green Gram),2019,Kharif
Uttarakhand,Moong(Green Gram),2019,Summer
West Bengal,Moong(Green Gram),2019,Summer
Uttarakhand,Moong(Green Gram),2020,Kharif
Uttarakhand,Moong(Green Gram),2020,Summer
Andhra Pradesh,Moong(Green Gram),1999,Kharif
Andhra Pradesh,Moong(Green Gram),1999,Rabi
Puducherry,Moong(Green Gram),2002,Rabi
Jammu and Kashmir,Moong(Green Gram),2012,Rabi
Jammu and Kashmir,Moong(Green Gram),2015,Rabi
Puducherry,Moong(Green Gram),2004,Rabi
Puducherry,Moong(Green Gram),2005,Rabi
Jammu and Kashmir,Moong(Green Gram),2013,Rabi
Tripura,Moong(Green Gram),1999,Whole Year
Tripura,Moong(Green Gram),2000,Whole Year
Tripura,Moong(Green Gram),2001,Whole Year
Tripura,Moong(Green Gram),2002,Whole Year
Tripura,Moong(Green Gram),2003,Whole Year
Odisha,Moong(Green Gram),1998,Autumn
Odisha,Moong(Green Gram),1998,Summer
Odisha,Moong(Green Gram),1998,Winter
