State,Crop,Year,Season,Latitude,Longitude,Start_Date,End_Date,Image_Count,Cloud_Score_Threshold,Buffer_Degree,RGB_Image,NDVI_Image,EVI_max,EVI_mean,EVI_min,EVI_stdDev,NDRE_max,NDRE_mean,NDRE_min,NDRE_stdDev,NDVI_max,NDVI_mean,NDVI_min,NDVI_stdDev,NDWI_max,NDWI_mean,NDWI_min,NDWI_stdDev,NIR_max,NIR_mean,NIR_min,NIR_stdDev,RED_EDGE_max,RED_EDGE_mean,RED_EDGE_min,RED_EDGE_stdDev
Andhra Pradesh,Rice,2020,Kharif,15.9240905,80.1863809,2020-07-01,2020-10-28,30,0.6,0.05,datasets\test_images\rgb\andhra_pradesh_2020_rice_sentinel2_gee_rgb.png,datasets\test_images\ndvi\andhra_pradesh_2020_rice_sentinel2_ndvi.png,0.832067,0.153668,-0.224618,0.114212,0.659885,0.147139,-0.402126,0.100052,0.895385,0.257103,-0.309588,0.142915,0.439519,-0.307672,-0.788925,0.102074,0.5454,0.182411,0.0336,0.055071,0.50625,0.129799,0.0483,0.02024
Arunachal Pradesh,Rice,2020,Kharif,28.0937702,94.5921326,2020-07-01,2020-10-28,7,0.6,0.05,datasets\test_images\rgb\arunachal_pradesh_2020_rice_sentinel2_gee_rgb.png,datasets\test_images\ndvi\arunachal_pradesh_2020_rice_sentinel2_ndvi.png,2.087146,0.602962,-0.04314,0.11515,0.770695,0.595087,-0.154443,0.067563,0.932099,0.844897,-0.123713,0.074191,0.138483,-0.736995,-0.855842,0.059805,0.9815,0.346567,0.0441,0.073768,0.4764,0.088356,0.0095,0.023103
Assam,Rice,2020,Kharif,26.4073841,93.2551303,2020-07-01,2020-10-28,8,0.6,0.05,datasets\test_images\rgb\assam_2020_rice_sentinel2_gee_rgb.png,datasets\test_images\ndvi\assam_2020_rice_sentinel2_ndvi.png,1.106809,0.646718,0.12476,0.096392,0.738508,0.621398,0.123895,0.045269,0.928829,0.84782,0.316936,0.042979,-0.240565,-0.728355,-0.839704,0.040969,0.6753,0.358004,0.0928,0.063346,0.19785,0.083085,0.0172,0.016225
Bihar,Rice,2020,Kharif,25.6440845,85.906508,2020-07-01,2020-10-28,10,0.6,0.05,datasets\test_images\rgb\bihar_2020_rice_sentinel2_gee_rgb.png,datasets\test_images\ndvi\bihar_2020_rice_sentinel2_ndvi.png,1.023094,0.396083,-0.065019,0.137487,0.647588,0.320704,-0.311436,0.128721,0.855502,0.524512,-0.239645,0.156455,0.393939,-0.455229,-0.749549,0.146937,0.4991,0.276524,0.0226,0.068357,0.2554,0.133348,0.0391,0.024186
Chhattisgarh,Rice,2020,Kharif,21.6637359,81.8406351,2020-07-01,2020-10-28,16,0.6,0.05,datasets\test_images\rgb\chhattisgarh_2020_rice_sentinel2_gee_rgb.png,datasets\test_images\ndvi\chhattisgarh_2020_rice_sentinel2_ndvi.png,1.068354,0.475106,-0.160971,0.136615,0.716418,0.397338,-0.311396,0.126645,0.879036,0.592255,-0.296826,0.145641,0.383993,-0.513545,-0.796471,0.118154,0.6004,0.311164,0.03435,0.056217,0.3344,0.131394,0.0334,0.032177
Delhi,Rice,2020,Kharif,28.6328027,77.2197713,2020-07-01,2020-10-28,20,0.6,0.05,datasets\test_images\rgb\delhi_2020_rice_sentinel2_gee_rgb.png,datasets\test_images\ndvi\delhi_2020_rice_sentinel2_ndvi.png,1.739394,0.273143,-0.102969,0.162826,0.659011,0.256965,-0.278263,0.171851,0.832911,0.383708,-0.26419,0.227205,0.475271,-0.360561,-0.752539,0.185827,0.64015,0.240687,0.02305,0.059156,0.6388,0.139357,0.0463,0.035599
Goa,Rice,2020,Kharif,15.3004543,74.0855134,2020-07-01,2020-10-28,16,0.6,0.05,datasets\test_images\rgb\goa_2020_rice_sentinel2_gee_rgb.png,datasets\test_images\ndvi\goa_2020_rice_sentinel2_ndvi.png,1.06294,0.517185,-0.093089,0.14098,0.665329,0.465916,-0.296667,0.118802,0.869863,0.666766,-0.301544,0.151135,0.497856,-0.566471,-0.753528,0.138252,0.5878,0.304439,0.0303,0.067678,0.29295,0.107825,0.0343,0.021569
Gujarat,Rice,2020,Kharif,22.3850051,71.745261,2020-07-01,2020-10-28,29,0.6,0.05,datasets\test_images\rgb\gujarat_2020_rice_sentinel2_gee_rgb.png,datasets\test_images\ndvi\gujarat_2020_rice_sentinel2_ndvi.png,1.185565,0.392897,-0.114703,0.163667,0.671818,0.345443,-0.439437,0.138778,0.892529,0.551608,-0.387099,0.191449,0.548277,-0.510906,-0.799279,0.144486,0.5661,0.283788,0.0185,0.067579,0.4976,0.13365,0.0231,0.023076
Haryana,Rice,2020,Kharif,29.0,76.0,2020-07-01,2020-10-28,81,0.6,0.05,datasets\test_images\rgb\haryana_2020_rice_sentinel2_gee_rgb.png,datasets\test_images\ndvi\haryana_2020_rice_sentinel2_ndvi.png,0.860011,0.332332,-0.024412,0.138654,0.651134,0.294113,-0.250354,0.13153,0.847817,0.46432,-0.097377,0.188191,0.321386,-0.479594,-0.762636,0.130643,0.4733,0.305849,0.03315,0.03605,0.4359,0.163121,0.0462,0.034048
Himachal Pradesh,Rice,2020,Kharif,31.9292352,77.1828462,2020-07-01,2020-10-28,38,0.6,0.05,datasets\test_images\rgb\himachal_pradesh_2020_rice_sentinel2_gee_rgb.png,datasets\test_images\ndvi\himachal_pradesh_2020_rice_sentinel2_ndvi.png,1.111951,0.437778,-0.197002,0.131571,0.81793,0.433572,-0.362477,0.123243,0.937328,0.670988,-0.398356,0.16714,0.450484,-0.607099,-0.887831,0.130142,1.0656,0.290849,0.02775,0.079512,0.3989,0.115354,0.00625,0.04026
Jammu and Kashmir,Rice,2020,Kharif,33.6649297,75.1629584,2020-07-01,2020-10-28,19,0.6,0.05,datasets\test_images\rgb\jammu_and_kashmir_2020_rice_sentinel2_gee_rgb.png,datasets\test_images\ndvi\jammu_and_kashmir_2020_rice_sentinel2_ndvi.png,1.369666,0.358931,-0.083397,0.121011,0.742072,0.377851,-0.357063,0.147526,0.901531,0.583087,-0.246618,0.192674,0.334317,-0.553664,-0.853537,0.152274,0.4652,0.268144,0.0377,0.049713,0.3222,0.119013,0.03925,0.034482
Jharkhand,Rice,2020,Kharif,23.4559809,85.2557301,2020-07-01,2020-10-28,26,0.6,0.05,datasets\test_images\rgb\jharkhand_2020_rice_sentinel2_gee_rgb.png,datasets\test_images\ndvi\jharkhand_2020_rice_sentinel2_ndvi.png,1.389382,0.472449,-0.279926,0.115806,0.647201,0.367397,-0.459708,0.086564,0.865607,0.583503,-0.507743,0.115572,0.546478,-0.510829,-0.761164,0.083902,0.517,0.333741,0.0319,0.045973,0.3868,0.150477,0.0405,0.024414
Karnataka,Rice,2020,Kharif,14.9562045,75.7896741,2020-07-01,2020-10-28,4,0.6,0.05,datasets\test_images\rgb\karnataka_2020_rice_sentinel2_gee_rgb.png,datasets\test_images\ndvi\karnataka_2020_rice_sentinel2_ndvi.png,9.183669,0.408178,-7.291895,0.167658,0.710025,0.355714,-0.763441,0.177509,0.903451,0.555516,-0.722689,0.220477,0.803571,-0.507992,-0.798806,0.204373,0.5946,0.293982,0.0033,0.077361,0.3716,0.129989,0.0231,0.028264
Kerala,Rice,2020,Kharif,10.3528744,76.5120396,2020-07-01,2020-10-28,9,0.6,0.05,datasets\test_images\rgb\kerala_2020_rice_sentinel2_gee_rgb.png,datasets\test_images\ndvi\kerala_2020_rice_sentinel2_ndvi.png,3.468778,0.670335,0.085059,0.088424,0.681843,0.541845,0.026333,0.044362,0.898536,0.772365,0.152968,0.056259,-0.064809,-0.659426,-0.78976,0.049785,0.7587,0.385383,0.0851,0.056343,0.3469,0.114492,0.0256,0.020683
Madhya Pradesh,Rice,2020,Kharif,23.8143419,77.5340719,2020-07-01,2020-10-28,10,0.6,0.05,datasets\test_images\rgb\madhya_pradesh_2020_rice_sentinel2_gee_rgb.png,datasets\test_images\ndvi\madhya_pradesh_2020_rice_sentinel2_ndvi.png,0.734822,0.242943,-0.092835,0.154013,0.604651,0.210911,-0.284785,0.152813,0.835395,0.37799,-0.264834,0.214583,0.475708,-0.367939,-0.715139,0.217192,0.604,0.212501,0.0271,0.077076,0.495,0.126825,0.04,0.026906
Maharashtra,Rice,2020,Kharif,19.5670323,76.4164557,2020-07-01,2020-10-28,7,0.6,0.05,datasets\test_images\rgb\maharashtra_2020_rice_sentinel2_gee_rgb.png,datasets\test_images\ndvi\maharashtra_2020_rice_sentinel2_ndvi.png,0.92401,0.419682,-0.090192,0.203534,0.68606,0.325419,-0.376414,0.211941,0.900826,0.567043,-0.334646,0.279121,0.539106,-0.468789,-0.796719,0.300686,0.6183,0.285967,0.0165,0.111032,0.27945,0.125756,0.0284,0.030565
Manipur,Rice,2020,Kharif,24.7208818,93.9229386,2020-07-01,2020-10-28,8,0.6,0.05,datasets\test_images\rgb\manipur_2020_rice_sentinel2_gee_rgb.png,datasets\test_images\ndvi\manipur_2020_rice_sentinel2_ndvi.png,1.210999,0.388997,-0.192691,0.141685,0.746181,0.356227,-0.334595,0.136363,0.921701,0.585529,-0.315909,0.176801,0.4681,-0.497166,-0.827867,0.150799,0.6919,0.260863,0.0238,0.066335,0.4061,0.119231,0.0311,0.023089
Meghalaya,Rice,2020,Kharif,25.5379432,91.2999102,2020-07-01,2020-10-28,8,0.6,0.05,datasets\test_images\rgb\meghalaya_2020_rice_sentinel2_gee_rgb.png,datasets\test_images\ndvi\meghalaya_2020_rice_sentinel2_ndvi.png,1.144855,0.509221,-0.15705,0.12621,0.732934,0.476199,-0.388379,0.102778,0.904062,0.708603,-0.468792,0.120642,0.60236,-0.616404,-0.804104,0.090221,0.6073,0.302467,0.0209,0.059949,0.34565,0.105789,0.0202,0.025373
Mizoram,Rice,2020,Kharif,23.2146169,92.8687612,2020-07-01,2020-10-28,13,0.6,0.05,datasets\test_images\rgb\mizoram_2020_rice_sentinel2_gee_rgb.png,datasets\test_images\ndvi\mizoram_2020_rice_sentinel2_ndvi.png,1.270993,0.700393,-0.082169,0.110605,0.764089,0.602823,-0.311734,0.065677,0.931848,0.856974,-0.289331,0.074723,0.449194,-0.729185,-0.847489,0.062781,0.8038,0.411416,0.0243,0.07133,0.284,0.101304,0.0155,0.019642
Nagaland,Rice,2020,Kharif,26.1630556,94.5884911,2020-07-01,2020-10-28,18,0.6,0.05,datasets\test_images\rgb\nagaland_2020_rice_sentinel2_gee_rgb.png,datasets\test_images\ndvi\nagaland_2020_rice_sentinel2_ndvi.png,1.852482,0.694018,0.036571,0.128756,0.766974,0.633182,-0.043618,0.064605,0.941376,0.860847,0.056945,0.066592,-0.043414,-0.753646,-0.852323,0.059851,0.88185,0.400381,0.0607,0.08649,0.3677,0.08933,0.01275,0.022989
Odisha,Rice,2020,Kharif,20.5431241,84.6897321,2020-07-01,2020-10-28,22,0.6,0.05,datasets\test_images\rgb\odisha_2020_rice_sentinel2_gee_rgb.png,datasets\test_images\ndvi\odisha_2020_rice_sentinel2_ndvi.png,1.223769,0.580954,-0.166571,0.11135,0.721331,0.507634,-0.384265,0.091295,0.89519,0.771478,-0.395664,0.107803,0.422981,-0.64548,-0.807612,0.08356,0.85105,0.338466,0.03675,0.051986,0.27335,0.110404,0.0481,0.018143
Puducherry,Rice,2020,Kharif,10.9156489,79.8069488,2020-07-01,2020-10-28,13,0.6,0.05,datasets\test_images\rgb\puducherry_2020_rice_sentinel2_gee_rgb.png,datasets\test_images\ndvi\puducherry_2020_rice_sentinel2_ndvi.png,2.149657,0.356074,-1.024438,0.179689,0.688841,0.294855,-0.418182,0.170848,0.881376,0.46941,-0.428571,0.221581,0.602289,-0.417333,-0.789653,0.218686,0.62925,0.273525,0.0248,0.083552,0.5283,0.13852,0.0366,0.034092
Punjab,Rice,2020,Kharif,30.9293211,75.5004841,2020-07-01,2020-10-28,17,0.6,0.05,datasets\test_images\2020\rgb\punjab_2020_rice_rgb.png,datasets\test_images\2020\ndvi\punjab_2020_rice_ndvi.png,0.837062,0.485113,-0.046787,0.148164,0.690883,0.433034,-0.229418,0.137666,0.863717,0.645821,-0.119502,0.181975,0.120928,-0.585881,-0.764384,0.145726,0.5376,0.32259,0.05285,0.057975,0.483,0.121982,0.0605,0.021784
Sikkim,Rice,2020,Kharif,27.6016108,88.4550204,2020-07-01,2020-10-28,10,0.6,0.05,datasets\test_images\rgb\sikkim_2020_rice_sentinel2_gee_rgb.png,datasets\test_images\ndvi\sikkim_2020_rice_sentinel2_ndvi.png,253.352001,0.564465,-25.057297,0.596455,0.783847,0.537329,-0.356269,0.11664,0.93808,0.748757,-0.415489,0.143796,0.450397,-0.661123,-0.854874,0.128186,1.5624,0.339279,0.0229,0.171715,1.5926,0.10633,0.0083,0.08094
Tamil Nadu,Rice,2020,Kharif,11.3323723,78.6098639,2020-07-01,2020-10-28,13,0.6,0.05,datasets\test_images\rgb\tamil_nadu_2020_rice_sentinel2_gee_rgb.png,datasets\test_images\ndvi\tamil_nadu_2020_rice_sentinel2_ndvi.png,0.841072,0.494873,-0.068022,0.099768,0.692249,0.481008,-0.145043,0.090371,0.898053,0.737961,-0.09195,0.118987,0.028479,-0.655804,-0.816216,0.067928,0.5364,0.306516,0.07085,0.038101,0.347,0.105011,0.05655,0.019186
Telangana,Rice,2020,Kharif,17.8495919,79.1151663,2020-07-01,2020-10-28,10,0.6,0.05,datasets\test_images\rgb\telangana_2020_rice_sentinel2_gee_rgb.png,datasets\test_images\ndvi\telangana_2020_rice_sentinel2_ndvi.png,1.059614,0.400417,-0.205266,0.162461,0.721168,0.336112,-0.948108,0.169043,0.909169,0.573891,-0.945173,0.210981,0.967456,-0.529025,-0.819233,0.189704,0.5732,0.309453,0.00045,0.090518,0.4482,0.142499,0.02025,0.0445
Tripura,Rice,2020,Kharif,23.7750823,91.7025091,2020-07-01,2020-10-28,9,0.6,0.05,datasets\test_images\rgb\tripura_2020_rice_sentinel2_gee_rgb.png,datasets\test_images\ndvi\tripura_2020_rice_sentinel2_ndvi.png,1.206343,0.67102,-0.089575,0.114844,0.731387,0.593114,-0.289656,0.075523,0.933811,0.834639,-0.165885,0.080179,0.259317,-0.710662,-0.829232,0.071649,0.6575,0.380718,0.0298,0.067272,0.2985,0.095626,0.0203,0.018252
Uttar Pradesh,Rice,2020,Kharif,27.1303344,80.859666,2020-07-01,2020-10-28,37,0.6,0.05,datasets\test_images\rgb\uttar_pradesh_2020_rice_sentinel2_gee_rgb.png,datasets\test_images\ndvi\uttar_pradesh_2020_rice_sentinel2_ndvi.png,0.860072,0.434904,-0.065824,0.123446,0.656372,0.374846,-0.246477,0.115941,0.863936,0.56003,-0.252563,0.15161,0.323801,-0.510983,-0.759368,0.121595,0.54635,0.311028,0.0398,0.045517,0.3813,0.139572,0.0435,0.030994
Uttarakhand,Rice,2020,Kharif,30.0417376,79.089691,2020-07-01,2020-10-28,14,0.6,0.05,datasets\test_images\rgb\uttarakhand_2020_rice_sentinel2_gee_rgb.png,datasets\test_images\ndvi\uttarakhand_2020_rice_sentinel2_ndvi.png,0.89565,0.415553,0.073653,0.11255,0.748333,0.469223,0.041007,0.136572,0.909147,0.681204,0.07296,0.175135,-0.089695,-0.642701,-0.833426,0.116327,0.64055,0.269864,0.0791,0.051832,0.3431,0.099096,0.0152,0.040059
West Bengal,Rice,2020,Kharif,22.9964948,87.6855882,2020-07-01,2020-10-28,6,0.6,0.05,datasets\test_images\rgb\west_bengal_2020_rice_sentinel2_gee_rgb.png,datasets\test_images\ndvi\west_bengal_2020_rice_sentinel2_ndvi.png,0.856225,0.478702,-0.118793,0.141272,0.712175,0.450858,-0.356534,0.149554,0.870231,0.666992,-0.334328,0.178038,0.396721,-0.57973,-0.777393,0.146046,0.513,0.296175,0.0443,0.05279,0.4013,0.111173,0.0335,0.034574
