Crop,Crop_Year,Season,State,Area,Production,Annual_Rainfall,Fertilizer,Pesticide,Fertilizer_per_Area,Pesticide_per_Area,Production_per_Area,Yield
Urad,1997,Kharif,Andhra Pradesh,88400.0,24700,927.5,8413028.0,27404.0,95.17,0.31,0.27941176470588236,0.2525
Urad,1997,Rabi,Andhra Pradesh,413000.0,190700,927.5,39305210.0,128030.0,95.17,0.31,0.46174334140435835,0.388125
Urad,1997,Kharif,Gujarat,131400.0,83700,798.9,12505338.0,40734.0,95.17,0.31,0.636986301369863,0.654705882
Urad,1997,Kharif,Maharashtra,525400.0,210300,1156.1,50002318.0,162874.0,95.17,0.31,0.40026646364674534,0.489310345
Urad,1997,Autumn,Odisha,32111.0,8536,1496.6,3056003.87,9954.41,95.17,0.31,0.265827909439133,0.233181818
Urad,1997,Summer,Odisha,2077.0,480,1496.6,197668.09,643.87,95.17,0.31,0.23110255175734232,0.277826087
Urad,1997,Winter,Odisha,118618.0,38610,1496.6,11288875.06,36771.58,95.17,0.31,0.32549865956262963,0.261333333
Urad,1997,Kharif,Punjab,4700.0,1900,690.1,447299.0,1457.0,95.17,0.31,0.40425531914893614,0.446666667
Urad,1997,Kharif,Sikkim,4400.0,3300,2804.1,418748.0,1364.0,95.17,0.31,0.75,0.69
Urad,1997,Kharif,Uttar Pradesh,324558.0,134619,473.9,30888184.86,100612.98,95.17,0.31,0.4147764036012053,0.477125
Urad,1997,Summer,Uttar Pradesh,72023.0,33793,473.9,6854428.91,22327.13,95.17,0.31,0.4691973397386946,0.466567164
Urad,1997,Kharif,West Bengal,69271.0,44480,1852.9,6592521.07,21474.01,95.17,0.31,0.6421157482929364,1.825
Urad,1997,Rabi,West Bengal,16694.0,10553,1852.9,1588767.98,5175.14,95.17,0.31,0.6321432850125793,0.628333333
Urad,1998,Kharif,Andhra Pradesh,75500.0,30900,1048.3,7459400.0,21895.0,98.8,0.29,0.40927152317880794,0.658823529
Urad,1998,Rabi,Andhra Pradesh,354800.0,230600,1048.3,35054240.0,102892.0,98.8,0.29,0.6499436302142052,0.544117647
Urad,1998,Kharif,Bihar,25116.0,18601,1332.5,2481460.8,7283.64,98.8,0.29000000000000004,0.7406035992992515,0.751612903
Urad,1998,Kharif,Gujarat,125200.0,75200,775.6,12369760.0,36308.0,98.8,0.29,0.6006389776357828,0.592941176
Urad,1998,Kharif,Haryana,1957.0,500,687.6,193351.6,567.53,98.8,0.29,0.2554931016862545,0.151
Urad,1998,Kharif,Himachal Pradesh,15155.0,6167,1381.6,1497314.0,4394.95,98.8,0.29,0.4069284064665127,0.512727273
Urad,1998,Kharif,Maharashtra,531500.0,338000,1314.8,52512200.0,154135.0,98.8,0.29,0.6359360301034808,0.601724138
Urad,1998,Autumn,Odisha,35494.0,9030,1357.1,3506807.2,10293.26,98.80000000000001,0.29,0.25440919592043726,0.1888
Urad,1998,Summer,Odisha,2544.0,529,1357.1,251347.2,737.76,98.80000000000001,0.29,0.20794025157232704,0.240454545
Urad,1998,Winter,Odisha,100561.0,28577,1357.1,9935426.8,29162.69,98.80000000000001,0.29,0.284175773908374,0.222666667
Urad,1998,Kharif,Punjab,4100.0,2000,588.6,405080.0,1189.0,98.8,0.29,0.4878048780487805,0.496
Urad,1998,Kharif,Sikkim,4400.0,3049,3183.8,434720.0,1276.0,98.8,0.29,0.6929545454545455,0.64
Urad,1998,Kharif,Tamil Nadu,446130.0,218245,1077.1,44077644.0,129377.7,98.8,0.29,0.48919597426759015,0.505925926
Urad,1998,Kharif,Tripura,1000.0,470,2472.9,98800.0,290.0,98.8,0.29,0.47,0.4725
Urad,1998,Rabi,Tripura,500.0,230,2472.9,49400.0,145.0,98.8,0.29,0.46,0.4575
Urad,1998,Kharif,Uttar Pradesh,287704.0,77017,743.4,28425155.2,83434.16,98.8,0.29000000000000004,0.2676952701387537,0.327125
Urad,1998,Summer,Uttar Pradesh,69711.0,32249,743.4,6887446.8,20216.19,98.8,0.29,0.4626099180904018,0.498235294
Urad,1998,Kharif,West Bengal,58878.0,25071,2152.5,5817146.4,17074.62,98.80000000000001,0.29,0.42581269744216854,0.402222222
Urad,1998,Rabi,West Bengal,15112.0,9700,2152.5,1493065.6,4382.48,98.80000000000001,0.29,0.6418740074113287,0.649090909
Urad,1999,Kharif,Andhra Pradesh,80258.0,48023,650.4,8517781.54,21669.66,106.13,0.27,0.5983577961075531,0.607894737
Urad,1999,Rabi,Andhra Pradesh,380593.0,246988,650.4,40392335.09,102760.11,106.13000000000001,0.27,0.6489557085915926,0.508
Urad,1999,Kharif,Bihar,30571.0,23155,1402.7,3244500.23,8254.17,106.13,0.27,0.7574171600536456,0.7275
Urad,1999,Kharif,Gujarat,109300.0,38400,458.9,11600009.0,29511.0,106.13,0.27,0.3513266239707228,0.32625
Urad,1999,Kharif,Haryana,1221.0,502,344.0,129584.73,329.67,106.13,0.27,0.41113841113841115,1.24
Urad,1999,Kharif,Himachal Pradesh,14612.0,5418,1144.9,1550771.56,3945.24,106.13000000000001,0.26999999999999996,0.37079113057760743,0.495454545
Urad,1999,Kharif,Karnataka,118465.0,38477,1203.8,12572690.45,31985.55,106.13,0.27,0.3247963533533111,0.334736842
Urad,1999,Rabi,Karnataka,5468.0,2035,1203.8,580318.84,1476.36,106.13,0.26999999999999996,0.37216532553035847,0.37625
Urad,1999,Kharif,Madhya Pradesh,423879.0,132619,1222.9,44986278.27,114447.33,106.13000000000001,0.27,0.3128699463762064,0.355555556
Urad,1999,Rabi,Madhya Pradesh,7079.0,2880,1222.9,751294.27,1911.33,106.13000000000001,0.26999999999999996,0.4068371238875547,0.279411765
Urad,1999,Kharif,Maharashtra,549000.0,269600,1166.5,58265370.0,148230.0,106.13,0.27,0.49107468123861564,0.554848485
Urad,1999,Kharif,Odisha,198000.0,71940,1484.3,21013740.0,53460.0,106.13,0.27,0.36333333333333334,0.386666667
Urad,1999,Rabi,Odisha,285970.0,105570,1484.3,30349996.1,77211.9,106.13000000000001,0.26999999999999996,0.36916459768507187,0.366333333
Urad,1999,Rabi,Puducherry,3159.0,2467,1434.5875,335264.67,852.93,106.13,0.26999999999999996,0.780943336498892,0.763333333
Urad,1999,Kharif,Punjab,3600.0,1710,364.4,382068.0,972.0,106.13,0.27,0.475,0.402
Urad,1999,Kharif,Sikkim,4400.0,3309,2678.5,466972.0,1188.0,106.13,0.27,0.7520454545454546,0.6775
Urad,1999,Kharif,Tamil Nadu,439604.0,218071,922.8,46655172.52,118693.08,106.13000000000001,0.27,0.4960623652196067,0.517777778
Urad,1999,Kharif,Uttar Pradesh,271349.0,112667,883.4,28798269.37,73264.23,106.13000000000001,0.26999999999999996,0.41521066965420916,0.443846154
Urad,1999,Summer,Uttar Pradesh,67969.0,32911,883.4,7213549.97,18351.63,106.13,0.27,0.4842060351042387,0.520895522
Urad,1999,Kharif,West Bengal,60254.0,35523,2318.1,6394757.02,16268.58,106.13,0.27,0.589554220466691,0.566666667
Urad,1999,Rabi,West Bengal,18527.0,10987,2318.1,1966270.51,5002.29,106.13,0.27,0.5930263939115885,0.636923077
Urad,2000,Kharif,Andhra Pradesh,99423.0,28296,935.6,9760355.91,25849.98,98.17,0.26,0.28460215443106723,0.1615
Urad,2000,Rabi,Andhra Pradesh,455864.0,362283,935.6,44752168.88,118524.64,98.17,0.26,0.7947172841022762,0.655454545
Urad,2000,Kharif,Bihar,32064.0,20298,1207.0,3147722.88,8336.64,98.17,0.26,0.6330464071856288,0.6309375
Urad,2000,Kharif,Chhattisgarh,116722.0,32851,896.4,11458598.74,30347.72,98.17,0.26,0.2814465139391032,0.2825
Urad,2000,Rabi,Chhattisgarh,5201.0,1247,896.4,510582.17,1352.26,98.17,0.26,0.23976158431070949,0.210833333
Urad,2000,Kharif,Gujarat,84000.0,24700,379.7,8246280.0,21840.0,98.17,0.26,0.29404761904761906,0.32875
Urad,2000,Kharif,Haryana,1527.0,300,383.7,149905.59,397.02,98.17,0.26,0.19646365422396855,0.115833333
Urad,2000,Kharif,Himachal Pradesh,14161.0,4153,1068.4,1390185.37,3681.86,98.17,0.26,0.29327024927618106,0.401818182
Urad,2000,Kharif,Karnataka,133729.0,51657,1213.3,13128175.93,34769.54,98.17,0.26,0.38628121050781805,0.3965
Urad,2000,Rabi,Karnataka,11924.0,4171,1213.3,1170579.08,3100.24,98.17,0.26,0.34979872525997985,0.363125
Urad,2000,Kharif,Maharashtra,574000.0,205100,1057.8,56349580.0,149240.0,98.17,0.26,0.3573170731707317,0.461818182
Urad,2000,Kharif,Odisha,109101.0,27258,1066.0,10710445.17,28366.26,98.17,0.26,0.24984188962520967,0.215666667
Urad,2000,Kharif,Puducherry,3392.0,2123,1434.5875,332992.64,881.92,98.17,0.26,0.6258844339622641,0.706666667
Urad,2000,Rabi,Puducherry,3392.0,2123,1434.5875,332992.64,881.92,98.17,0.26,0.6258844339622641,0.706666667
Urad,2000,Kharif,Sikkim,3780.0,2748,2504.8,371082.6,982.8,98.16999999999999,0.26,0.726984126984127,0.6125
Urad,2000,Kharif,Tamil Nadu,503982.0,244412,971.1,49475912.94,131035.32,98.17,0.26,0.4849617645074626,0.517777778
Urad,2000,Kharif,Uttar Pradesh,322257.0,134130,874.4,31635969.69,83786.82,98.17,0.26,0.4162205941220827,0.463768116
Urad,2000,Rabi,Uttar Pradesh,62905.0,28929,874.4,6175383.85,16355.3,98.16999999999999,0.26,0.45988395199109766,0.47546875
Urad,2000,Kharif,Uttarakhand,10160.0,4481,1413.4,997407.2,2641.6,98.17,0.26,0.44104330708661416,0.466153846
Urad,2000,Rabi,Uttarakhand,1018.0,345,1413.4,99937.06,264.68,98.17,0.26,0.3388998035363458,0.17
Urad,2000,Kharif,West Bengal,56233.0,27815,1907.7,5520393.61,14620.58,98.17,0.26,0.49463837959916773,0.462222222
Urad,2000,Rabi,West Bengal,13860.0,8813,1907.7,1360636.2,3603.6,98.17,0.26,0.6358585858585859,0.612307692
Urad,2001,Kharif,Andhra Pradesh,107061.0,44570,928.4,10934139.93,27835.86,102.13,0.26,0.41630472347540187,0.388095238
Urad,2001,Rabi,Andhra Pradesh,519831.0,338499,928.4,53090340.03,135156.06,102.13,0.26,0.6511712460395782,0.439545455
Urad,2001,Rabi,Assam,41785.0,23243,1824.7,4267502.05,10864.1,102.13,0.26,0.5562522436280962,0.55173913
Urad,2001,Kharif,Bihar,31963.0,21497,1247.0,3264381.19,8310.38,102.13,0.25999999999999995,0.6725588962237588,0.666333333
Urad,2001,Kharif,Chhattisgarh,113521.0,34993,1550.0,11593899.73,29515.46,102.13000000000001,0.26,0.3082513367570758,0.319375
Urad,2001,Rabi,Chhattisgarh,5519.0,1334,1550.0,563655.47,1434.94,102.13,0.26,0.2417104547925349,0.250833333
Urad,2001,Kharif,Gujarat,113700.0,64100,666.5,11612181.0,29562.0,102.13,0.26,0.5637642919964819,0.608888889
Urad,2001,Kharif,Haryana,1999.0,400,483.8,204157.87,519.74,102.13,0.26,0.2001000500250125,0.101666667
Urad,2001,Kharif,Himachal Pradesh,13268.0,5393,918.1,1355060.84,3449.68,102.13000000000001,0.26,0.40646668676514924,0.476363636
Urad,2001,Kharif,Jammu and Kashmir,12936.0,5368,953.8,1321153.68,3363.36,102.13,0.26,0.41496598639455784,0.492
Urad,2001,Kharif,Karnataka,150588.0,55626,1002.9,15379552.44,39152.88,102.13,0.26,0.3693919834249741,0.347619048
Urad,2001,Rabi,Karnataka,11853.0,4448,1002.9,1210546.89,3081.78,102.13,0.26,0.37526364633426135,0.347142857
Urad,2001,Kharif,Maharashtra,587700.0,255300,1035.8,60021801.0,152802.0,102.13,0.26,0.43440530883103623,0.543636364
Urad,2001,Kharif,Mizoram,28.0,29,2406.4,2859.64,7.28,102.13,0.26,1.0357142857142858,1.02
Urad,2001,Rabi,Mizoram,36.0,23,2406.4,3676.68,9.36,102.13,0.26,0.6388888888888888,0.643333333
Urad,2001,Kharif,Odisha,148934.0,44552,1672.5,15210629.42,38722.84,102.13,0.25999999999999995,0.2991392160285764,0.255333333
Urad,2001,Rabi,Puducherry,811.0,267,1434.5875,82827.43,210.86,102.13,0.26,0.32922318125770655,0.423333333
Urad,2001,Kharif,Sikkim,3780.0,2709,2372.5,386051.4,982.8,102.13000000000001,0.26,0.7166666666666667,0.6075
Urad,2001,Kharif,Tamil Nadu,266123.0,104320,481.3,27179141.99,69191.98,102.13,0.26,0.39199918834523884,0.441481481
Urad,2001,Kharif,Uttar Pradesh,362868.0,148046,849.9,37059708.84,94345.68,102.13000000000001,0.25999999999999995,0.40798857986926373,0.418985507
Urad,2001,Rabi,Uttar Pradesh,60535.0,29710,849.9,6182439.55,15739.1,102.13,0.26,0.49079045180474107,0.4678125
Urad,2001,Kharif,Uttarakhand,10685.0,6660,1541.3,1091259.05,2778.1,102.13000000000001,0.26,0.6233036967711746,0.592307692
Urad,2001,Rabi,Uttarakhand,992.0,370,1541.3,101312.96,257.92,102.13000000000001,0.26,0.37298387096774194,0.123333333
Urad,2001,Kharif,West Bengal,49291.0,32299,1556.6,5034089.83,12815.66,102.13,0.26,0.6552717534641213,0.600555556
Urad,2001,Rabi,West Bengal,13499.0,14187,1556.6,1378652.87,3509.74,102.13000000000001,0.26,1.0509667382769095,0.892727273
Urad,2002,Kharif,Andhra Pradesh,110160.0,45241,648.1,10428847.2,27540.0,94.66999999999999,0.25,0.4106844589687727,0.240454545
Urad,2002,Rabi,Andhra Pradesh,584271.0,330894,648.1,55312935.57,146067.75,94.67,0.25,0.5663365116529829,0.386666667
Urad,2002,Rabi,Assam,40381.0,20100,1973.6,3822869.27,10095.25,94.67,0.25,0.4977588469824918,0.498695652
Urad,2002,Kharif,Bihar,25116.0,18601,1105.8,2377731.72,6279.0,94.67,0.25,0.7406035992992515,0.751612903
Urad,2002,Kharif,Chhattisgarh,116301.0,30317,1001.4,11010215.67,29075.25,94.67,0.25,0.26067703631095174,0.259375
Urad,2002,Rabi,Chhattisgarh,6210.0,1403,1001.4,587900.7,1552.5,94.66999999999999,0.25,0.22592592592592592,0.230833333
Urad,2002,Kharif,Gujarat,121600.0,45300,458.4,11511872.0,30400.0,94.67,0.25,0.3725328947368421,0.396111111
Urad,2002,Kharif,Haryana,3475.0,600,353.9,328978.25,868.75,94.67,0.25,0.17266187050359713,0.042857143
Urad,2002,Kharif,Himachal Pradesh,12670.0,3065,890.8,1199468.9,3167.5,94.66999999999999,0.25,0.24191002367797948,0.326363636
Urad,2002,Kharif,Jammu and Kashmir,14232.0,5961,933.2,1347343.44,3558.0,94.67,0.25,0.41884485666104554,0.485555556
Urad,2002,Kharif,Karnataka,149369.0,21266,860.8,14140763.23,37342.25,94.67,0.25,0.14237224591448025,0.139
Urad,2002,Rabi,Karnataka,16084.0,1895,860.8,1522672.28,4021.0,94.67,0.25,0.11781895050982343,0.118571429
Urad,2002,Kharif,Maharashtra,633600.0,359800,967.4,59982912.0,158400.0,94.67,0.25,0.5678661616161617,0.583333333
Urad,2002,Kharif,Mizoram,6.0,4,2627.0,568.02,1.5,94.67,0.25,0.6666666666666666,0.67
Urad,2002,Rabi,Mizoram,33.0,20,2627.0,3124.11,8.25,94.67,0.25,0.6060606060606061,0.606666667
Urad,2002,Kharif,Odisha,117293.0,27067,1102.8,11104128.31,29323.25,94.67,0.25,0.23076398421048144,0.202333333
Urad,2002,Rabi,Puducherry,812.0,330,1434.5875,76872.04,203.0,94.66999999999999,0.25,0.4064039408866995,0.446666667
Urad,2002,Kharif,Punjab,3900.0,1900,301.8,369213.0,975.0,94.67,0.25,0.48717948717948717,0.593333333
Urad,2002,Kharif,Sikkim,3780.0,2790,2496.2,357852.6,945.0,94.66999999999999,0.25,0.7380952380952381,0.6425
Urad,2002,Kharif,Tamil Nadu,196888.0,78555,315.9,18639386.96,49222.0,94.67,0.25,0.39898317825362645,0.422962963
Urad,2002,Kharif,Uttar Pradesh,401329.0,159899,664.0,37993816.43,100332.25,94.67,0.25,0.39842373713337437,0.453970588
Urad,2002,Summer,Uttar Pradesh,55902.0,29881,664.0,5292242.34,13975.5,94.67,0.25,0.5345247039461916,0.5371875
Urad,2002,Kharif,Uttarakhand,9805.0,3680,1610.3,928239.35,2451.25,94.67,0.25,0.37531871494135643,0.400769231
Urad,2002,Rabi,Uttarakhand,801.0,360,1610.3,75830.67,200.25,94.67,0.25,0.449438202247191,0.3
Urad,2002,Kharif,West Bengal,48645.0,31833,1629.1,4605222.15,12161.25,94.67,0.25,0.6543940795559667,0.523333333
Urad,2002,Rabi,West Bengal,13493.0,8636,1629.1,1277382.31,3373.25,94.67,0.25,0.640035574001334,0.604545455
Urad,2003,Kharif,Andhra Pradesh,95454.0,66827,826.0,9448036.92,22908.96,98.98,0.24,0.7000963815031324,0.656363636
Urad,2003,Rabi,Andhra Pradesh,343078.0,133336,826.0,33957860.44,82338.72,98.97999999999999,0.24,0.38864631366628,0.408
Urad,2003,Rabi,Assam,39588.0,20696,2213.7,3918420.24,9501.12,98.98,0.24000000000000002,0.5227846822269374,0.519130435
Urad,2003,Kharif,Bihar,24199.0,18009,1353.9,2395217.02,5807.76,98.98,0.24000000000000002,0.7442043059630563,0.747878788
Urad,2003,Kharif,Chhattisgarh,115663.0,33645,1643.7,11448323.74,27759.12,98.98,0.24,0.2908881837752782,0.3
Urad,2003,Rabi,Chhattisgarh,5621.0,1438,1643.7,556366.58,1349.04,98.97999999999999,0.24,0.2558263654154065,0.265833333
Urad,2003,Kharif,Gujarat,107500.0,71300,902.5,10640350.0,25800.0,98.98,0.24,0.6632558139534884,0.666521739
Urad,2003,Kharif,Haryana,2419.0,400,592.3,239432.62,580.56,98.98,0.24,0.1653575857792476,0.042857143
Urad,2003,Kharif,Jammu and Kashmir,14609.0,6090,1430.3,1445998.82,3506.16,98.98,0.24,0.4168663152850982,0.484444444
Urad,2003,Kharif,Karnataka,129237.0,32541,867.6,12791878.26,31016.88,98.98,0.24000000000000002,0.2517932171127463,0.224444444
Urad,2003,Rabi,Karnataka,11397.0,6002,867.6,1128075.06,2735.28,98.98,0.24000000000000002,0.5266298148635606,0.49
Urad,2003,Kharif,Madhya Pradesh,610876.0,224268,1163.0,60464506.48,146610.24,98.97999999999999,0.24,0.36712524309352473,0.349166667
Urad,2003,Rabi,Madhya Pradesh,5693.0,2331,1163.0,563493.14,1366.32,98.98,0.24,0.4094502020024592,0.242941176
Urad,2003,Kharif,Maharashtra,600700.0,359200,1037.4,59457286.0,144168.0,98.98,0.24,0.5979690361245213,0.595757576
Urad,2003,Kharif,Odisha,135994.0,36794,1648.2,13460686.12,32638.56,98.97999999999999,0.24000000000000002,0.2705560539435563,0.256333333
Urad,2003,Rabi,Puducherry,1174.0,437,1434.5875,116202.52,281.76,98.98,0.24,0.37223168654173766,0.71
Urad,2003,Kharif,Punjab,5200.0,2200,451.7,514696.0,1248.0,98.98,0.24,0.4230769230769231,0.641428571
Urad,2003,Kharif,Sikkim,3780.0,2810,2838.1,374144.4,907.2,98.98,0.24000000000000002,0.7433862433862434,0.6475
Urad,2003,Kharif,Tamil Nadu,185732.0,75920,345.6,18383753.36,44575.68,98.97999999999999,0.24,0.4087610104882304,0.412962963
Urad,2003,Kharif,Uttar Pradesh,566876.0,134187,1075.6,56109386.48,136050.24,98.97999999999999,0.24,0.23671314361518217,0.367142857
Urad,2003,Summer,Uttar Pradesh,57741.0,28301,1075.6,5715204.18,13857.84,98.97999999999999,0.24,0.49013699104622366,0.540153846
Urad,2003,Kharif,Uttarakhand,10774.0,3905,1734.3,1066410.52,2585.76,98.98,0.24000000000000002,0.36244663077779843,0.37
Urad,2003,Summer,Uttarakhand,645.0,233,1734.3,63842.1,154.8,98.98,0.24000000000000002,0.3612403100775194,0.243333333
Urad,2003,Kharif,West Bengal,51227.0,31163,1526.7,5070448.46,12294.48,98.98,0.24,0.60833154391239,0.523529412
Urad,2003,Rabi,West Bengal,15147.0,11106,1526.7,1499250.06,3635.28,98.98,0.24000000000000002,0.7332144979203803,0.665
Urad,2004,Kharif,Andhra Pradesh,76464.0,35130,781.8,8284109.76,16057.44,108.34,0.21000000000000002,0.4594318895166353,0.473636364
Urad,2004,Rabi,Andhra Pradesh,351048.0,223561,781.8,38032540.32,73720.08,108.34,0.21,0.6368388368542194,0.608947368
Urad,2004,Rabi,Assam,36367.0,20914,2536.9,3940000.78,7637.07,108.33999999999999,0.21,0.5750818049330437,0.56173913
Urad,2004,Kharif,Bihar,23960.0,17871,1147.8,2595826.4,5031.6,108.33999999999999,0.21000000000000002,0.7458681135225376,0.742285714
Urad,2004,Kharif,Chhattisgarh,113848.0,31462,1122.8,12334292.32,23908.08,108.34,0.21000000000000002,0.27635092403906963,0.29125
Urad,2004,Rabi,Chhattisgarh,5667.0,1166,1122.8,613962.78,1190.07,108.34,0.21,0.20575260278807128,0.232307692
Urad,2004,Kharif,Gujarat,96000.0,48600,719.8,10400640.0,20160.0,108.34,0.21,0.50625,0.5316
Urad,2004,Kharif,Haryana,2155.0,700,484.6,233472.7,452.55,108.34,0.21,0.3248259860788863,0.145384615
Urad,2004,Kharif,Jammu and Kashmir,14354.0,5921,1032.1,1555112.36,3014.34,108.34,0.21000000000000002,0.41249825832520554,0.484444444
Urad,2004,Kharif,Karnataka,128006.0,14678,1117.7,13868170.04,26881.26,108.33999999999999,0.21,0.11466650000781213,0.134285714
Urad,2004,Rabi,Karnataka,4505.0,1550,1117.7,488071.7,946.05,108.34,0.21,0.34406215316315203,0.347857143
Urad,2004,Kharif,Madhya Pradesh,547073.0,193237,895.7,59269888.82,114885.33,108.34,0.21,0.3532197714016228,0.346041667
Urad,2004,Rabi,Madhya Pradesh,5292.0,2178,895.7,573335.28,1111.32,108.34,0.21,0.41156462585034015,0.28
Urad,2004,Kharif,Maharashtra,530500.0,216500,1052.0,57474370.0,111405.0,108.34,0.21,0.40810556079170596,0.522121212
Urad,2004,Kharif,Mizoram,16.0,18,2640.8,1733.44,3.36,108.34,0.21,1.125,1.13
Urad,2004,Rabi,Mizoram,31.0,56,2640.8,3358.54,6.51,108.34,0.21,1.8064516129032258,1.316666667
Urad,2004,Autumn,Odisha,27222.0,5867,1290.4,2949231.48,5716.62,108.34,0.21,0.21552420836088457,0.199047619
Urad,2004,Summer,Odisha,4605.0,1886,1290.4,498905.7,967.05,108.34,0.21,0.40955483170466883,0.289
Urad,2004,Winter,Odisha,92216.0,24915,1290.4,9990681.44,19365.36,108.33999999999999,0.21000000000000002,0.2701808796738093,0.230344828
Urad,2004,Rabi,Puducherry,1704.0,515,1434.5875,184611.36,357.84,108.33999999999999,0.21,0.3022300469483568,0.543333333
Urad,2004,Kharif,Punjab,3400.0,1800,366.4,368356.0,714.0,108.34,0.21,0.5294117647058824,0.633333333
Urad,2004,Kharif,Sikkim,3780.0,2840,1650.5,409525.2,793.8,108.34,0.21,0.7513227513227513,0.6675
Urad,2004,Kharif,Tamil Nadu,226364.0,82998,1034.0,24524275.76,47536.44,108.34,0.21000000000000002,0.36665724231768304,0.4075
Urad,2004,Kharif,Tripura,1026.0,611,2706.3,111156.84,215.46,108.34,0.21000000000000002,0.5955165692007798,0.575
Urad,2004,Rabi,Tripura,407.0,245,2706.3,44094.38,85.47,108.33999999999999,0.21,0.601965601965602,0.595
Urad,2004,Kharif,Uttarakhand,11212.0,4937,1219.6,1214708.08,2354.52,108.34,0.21,0.4403317873706743,0.435384615
Urad,2004,Summer,Uttarakhand,25.0,11,1219.6,2708.5,5.25,108.34,0.21,0.44,0.44
Urad,2004,Kharif,West Bengal,47508.0,32022,1612.9,5147016.72,9976.68,108.33999999999999,0.21000000000000002,0.6740338469310432,0.653333333
Urad,2004,Rabi,West Bengal,11425.0,8398,1612.9,1237784.5,2399.25,108.34,0.21,0.735054704595186,0.671818182
Urad,2005,Kharif,Andhra Pradesh,79206.0,33844,1075.5,9498383.52,16633.26,119.91999999999999,0.21,0.42729086180339876,0.384761905
Urad,2005,Rabi,Andhra Pradesh,341832.0,216227,1075.5,40992493.44,71784.72,119.91999999999999,0.21,0.6325534180533128,0.621052632
Urad,2005,Rabi,Assam,35376.0,17331,2184.6,4242289.92,7428.96,119.92,0.21,0.48990841248303935,0.488888889
Urad,2005,Kharif,Bihar,25197.0,19443,907.8,3021624.24,5291.37,119.92000000000002,0.21,0.7716394808905822,0.792571429
Urad,2005,Kharif,Chhattisgarh,111872.0,32496,1292.7,13415690.24,23493.12,119.92,0.21,0.29047482837528604,0.29875
Urad,2005,Rabi,Chhattisgarh,5677.0,1379,1292.7,680785.84,1192.17,119.91999999999999,0.21000000000000002,0.24290998766954378,0.22
Urad,2005,Kharif,Gujarat,92700.0,61500,942.4,11116584.0,19467.0,119.92,0.21,0.6634304207119741,0.733913043
Urad,2005,Kharif,Haryana,2490.0,900,516.9,298600.8,522.9,119.92,0.21,0.3614457831325301,0.193846154
Urad,2005,Kharif,Himachal Pradesh,11267.0,4192,1248.1,1351138.64,2366.07,119.91999999999999,0.21000000000000002,0.3720599982249046,0.428181818
Urad,2005,Kharif,Jammu and Kashmir,15490.0,6511,1721.8,1857560.8,3252.9,119.92,0.21,0.42033570045190444,0.487777778
Urad,2005,Kharif,Karnataka,100773.0,19710,1316.2,12084698.16,21162.33,119.92,0.21000000000000002,0.1955881039564169,0.19
Urad,2005,Rabi,Karnataka,10445.0,5001,1316.2,1252564.4,2193.45,119.91999999999999,0.21,0.4787936811871709,0.473333333
Urad,2005,Kharif,Madhya Pradesh,480712.0,170034,1032.7,57646983.04,100949.52,119.92,0.21000000000000002,0.353712825974804,0.334166667
Urad,2005,Rabi,Madhya Pradesh,5987.0,2494,1032.7,717961.04,1257.27,119.92,0.21,0.41656923333890095,0.1975
Urad,2005,Kharif,Maharashtra,468400.0,198700,1387.2,56170528.0,98364.0,119.92,0.21,0.4242100768573869,0.526363636
Urad,2005,Kharif,Mizoram,13.0,17,2075.4,1558.96,2.73,119.92,0.21,1.3076923076923077,1.31
Urad,2005,Rabi,Mizoram,23.0,53,2075.4,2758.16,4.83,119.91999999999999,0.21,2.3043478260869565,2.26
Urad,2005,Autumn,Odisha,27147.0,5411,1503.4,3255468.24,5700.87,119.92,0.21,0.19932220871551184,0.202380952
Urad,2005,Summer,Odisha,6116.0,2458,1503.4,733430.72,1284.36,119.92,0.21,0.40189666448659256,0.33
Urad,2005,Winter,Odisha,100077.0,25771,1503.4,12001233.84,21016.17,119.92,0.21,0.2575117159786964,0.252666667
Urad,2005,Rabi,Puducherry,1638.0,626,1434.5875,196428.96,343.98,119.92,0.21000000000000002,0.38217338217338215,0.633333333
Urad,2005,Kharif,Punjab,2800.0,1500,566.7,335776.0,588.0,119.92,0.21,0.5357142857142857,0.666666667
Urad,2005,Kharif,Sikkim,774.0,2980,2041.6,92818.08,162.54,119.92,0.21,3.850129198966408,4.1875
Urad,2005,Kharif,Tamil Nadu,215448.0,70758,1364.1,25836524.16,45244.08,119.92,0.21000000000000002,0.3284226356243734,0.403571429
Urad,2005,Kharif,Tripura,1260.0,744,1765.9,151099.2,264.6,119.92000000000002,0.21000000000000002,0.5904761904761905,0.5825
Urad,2005,Rabi,Tripura,460.0,307,1765.9,55163.2,96.6,119.91999999999999,0.21,0.6673913043478261,0.62
Urad,2005,Kharif,Uttarakhand,10688.0,5771,1353.3,1281704.96,2244.48,119.92,0.21,0.5399513473053892,0.550769231
Urad,2005,Summer,Uttarakhand,399.0,101,1353.3,47848.08,83.79,119.92,0.21000000000000002,0.2531328320802005,0.25
Urad,2005,Kharif,West Bengal,48605.0,30714,1650.1,5828711.6,10207.05,119.91999999999999,0.21,0.631910297294517,0.492352941
Urad,2005,Rabi,West Bengal,8514.0,10212,1650.1,1020998.88,1787.94,119.92,0.21000000000000002,1.1994362226920365,0.808181818
Urad,2006,Kharif,Andhra Pradesh,82015.0,22555,845.2,10474135.65,18043.3,127.71000000000001,0.22,0.2750106687801012,0.339473684
Urad,2006,Rabi,Andhra Pradesh,415708.0,327533,845.2,53090068.68,91455.76,127.71,0.22,0.7878919818718908,0.793636364
Urad,2006,Rabi,Assam,37079.0,19056,1774.9,4735359.09,8157.38,127.71,0.22,0.5139297176299253,0.507777778
Urad,2006,Kharif,Bihar,25479.0,19796,1052.8,3253923.09,5605.38,127.71,0.22,0.7769535696063424,0.769411765
Urad,2006,Kharif,Chhattisgarh,109009.0,33137,1317.2,13921539.39,23981.98,127.71000000000001,0.22,0.3039840747094277,0.284444444
Urad,2006,Rabi,Chhattisgarh,5444.0,1374,1317.2,695253.24,1197.68,127.71,0.22,0.2523879500367377,0.327692308
Urad,2006,Kharif,Gujarat,89500.0,39200,1056.2,11430045.0,19690.0,127.71,0.22,0.43798882681564244,0.510833333
Urad,2006,Kharif,Haryana,3240.0,1300,329.3,413780.4,712.8,127.71000000000001,0.21999999999999997,0.4012345679012346,0.218666667
Urad,2006,Kharif,Himachal Pradesh,11459.0,5413,1207.0,1463428.89,2520.98,127.71,0.22,0.47237978881228726,0.557272727
Urad,2006,Kharif,Jammu and Kashmir,13836.0,5689,1786.5,1766995.56,3043.92,127.71000000000001,0.22,0.41117374963862385,0.46125
Urad,2006,Kharif,Karnataka,134069.0,18350,1146.3,17121951.99,29495.18,127.71,0.22,0.136869820763935,0.164285714
Urad,2006,Rabi,Karnataka,10986.0,5776,1146.3,1403022.06,2416.92,127.71000000000001,0.22,0.5257600582559622,0.520714286
Urad,2006,Kharif,Madhya Pradesh,467870.0,159789,1072.3,59751677.7,102931.4,127.71000000000001,0.22,0.34152435505589157,0.333333333
Urad,2006,Rabi,Madhya Pradesh,6630.0,2300,1072.3,846717.3,1458.6,127.71000000000001,0.21999999999999997,0.3469079939668175,0.23
Urad,2006,Kharif,Maharashtra,490000.0,199700,1439.4,62577900.0,107800.0,127.71,0.22,0.40755102040816327,0.542424242
Urad,2006,Rabi,Nagaland,660.0,790,1362.5,84288.6,145.2,127.71000000000001,0.21999999999999997,1.196969696969697,1.235
Urad,2006,Autumn,Odisha,27628.0,5991,1716.9,3528371.88,6078.16,127.71,0.22,0.21684522947734183,0.235
Urad,2006,Summer,Odisha,6118.0,2164,1716.9,781329.78,1345.96,127.71000000000001,0.22,0.35371036286368096,0.300588235
Urad,2006,Winter,Odisha,92126.0,28531,1716.9,11765411.46,20267.72,127.71000000000001,0.22,0.30969541714608256,0.285666667
Urad,2006,Kharif,Punjab,3300.0,1400,569.6,421443.0,726.0,127.71,0.22,0.42424242424242425,0.351666667
Urad,2006,Kharif,Sikkim,3550.0,2780,2270.2,453370.5,781.0,127.71,0.22,0.7830985915492957,1.07
Urad,2006,Whole Year,Tamil Nadu,251014.0,143053,927.9,32056997.94,55223.08,127.71000000000001,0.22,0.5699004836383628,0.6425
Urad,2006,Kharif,Tripura,1290.0,712,1764.3,164745.9,283.8,127.71,0.22,0.5519379844961241,0.565
Urad,2006,Rabi,Tripura,521.0,330,1764.3,66536.91,114.62,127.71000000000001,0.22,0.6333973128598849,0.6
Urad,2006,Kharif,Uttarakhand,10941.0,7023,1178.9,1397275.11,2407.02,127.71000000000001,0.22,0.6418974499588703,0.634615385
Urad,2006,Rabi,Uttarakhand,335.0,211,1178.9,42782.85,73.7,127.71,0.22,0.6298507462686567,0.63
Urad,2006,Kharif,West Bengal,53388.0,34664,1631.4,6818181.48,11745.36,127.71000000000001,0.22,0.6492844834045104,0.56
Urad,2006,Rabi,West Bengal,7434.0,5615,1631.4,949396.14,1635.48,127.71000000000001,0.22,0.7553134248049502,0.697
Urad,2007,Kharif,Andhra Pradesh,96000.0,49000,1004.2,12806400.0,15360.0,133.4,0.16,0.5104166666666666,0.534375
Urad,2007,Rabi,Andhra Pradesh,407000.0,201000,1004.2,54293800.0,65120.0,133.4,0.16,0.49385749385749383,0.6
Urad,2007,Rabi,Assam,38290.0,20342,2154.1,5107886.0,6126.4,133.4,0.16,0.5312614259597807,0.531111111
Urad,2007,Kharif,Bihar,22366.0,17497,1600.2,2983624.4,3578.56,133.4,0.16,0.7823034963784316,0.807878788
Urad,2007,Kharif,Chhattisgarh,109010.0,33521,1246.2,14541934.0,17441.6,133.4,0.15999999999999998,0.30750389872488765,0.32
Urad,2007,Rabi,Chhattisgarh,5915.0,1535,1246.2,789061.0,946.4,133.4,0.16,0.2595097210481826,0.244615385
Urad,2007,Kharif,Gujarat,104200.0,71200,1021.6,13900280.0,16672.0,133.4,0.16,0.6833013435700576,0.6992
Urad,2007,Kharif,Haryana,3511.0,1400,443.8,468367.4,561.76,133.4,0.16,0.39874679578467676,0.314545455
Urad,2007,Kharif,Himachal Pradesh,12259.0,6315,1095.4,1635350.6,1961.44,133.4,0.16,0.515131739946162,0.455
Urad,2007,Kharif,Jammu and Kashmir,15687.0,6578,1042.2,2092645.8,2509.92,133.4,0.16,0.419328106075094,0.497142857
Urad,2007,Kharif,Karnataka,152106.0,65564,1323.3,20290940.4,24336.96,133.39999999999998,0.16,0.43104151052555456,0.423913043
Urad,2007,Rabi,Karnataka,10637.0,4124,1323.3,1418975.8,1701.92,133.4,0.16,0.3877032998025759,0.367692308
Urad,2007,Kharif,Madhya Pradesh,567959.0,193914,740.4,75765730.6,90873.44,133.39999999999998,0.16,0.34142253226025115,0.33
Urad,2007,Rabi,Madhya Pradesh,6224.0,2020,740.4,830281.6,995.84,133.4,0.16,0.3245501285347044,0.179411765
Urad,2007,Kharif,Maharashtra,563800.0,320200,1257.2,75210920.0,90208.0,133.4,0.16,0.5679318907413976,0.594242424
Urad,2007,Autumn,Odisha,32628.0,7455,1633.8,4352575.2,5220.48,133.4,0.15999999999999998,0.22848473703567487,0.222916667
Urad,2007,Summer,Odisha,9397.0,3568,1633.8,1253559.8,1503.52,133.4,0.16,0.3796956475470895,0.276521739
Urad,2007,Winter,Odisha,106962.0,35299,1633.8,14268730.8,17113.92,133.4,0.15999999999999998,0.33001439763654383,0.297333333
Urad,2007,Kharif,Puducherry,57.0,39,1434.5875,7603.8,9.12,133.4,0.15999999999999998,0.6842105263157895,0.68
Urad,2007,Rabi,Puducherry,196.0,127,1434.5875,26146.4,31.36,133.4,0.16,0.6479591836734694,0.61
Urad,2007,Summer,Puducherry,2006.0,135,1434.5875,267600.4,320.96,133.4,0.16,0.06729810568295115,0.393333333
Urad,2007,Kharif,Punjab,3500.0,1600,527.2,466900.0,560.0,133.4,0.16,0.45714285714285713,0.486666667
Urad,2007,Kharif,Sikkim,2100.0,1840,2003.4,280140.0,336.0,133.4,0.16,0.8761904761904762,1.945
Urad,2007,Whole Year,Tamil Nadu,307515.0,79980,1067.2,41022501.0,49202.4,133.4,0.16,0.2600848739085898,0.397857143
Urad,2007,Kharif,Tripura,882.0,522,2831.8,117658.8,141.12,133.4,0.16,0.5918367346938775,0.5825
Urad,2007,Rabi,Tripura,406.0,251,2831.8,54160.4,64.96,133.4,0.15999999999999998,0.6182266009852216,0.5925
Urad,2007,Kharif,Uttar Pradesh,342102.0,150004,672.9,45636406.8,54736.32,133.39999999999998,0.16,0.43847741316917177,0.515294118
Urad,2007,Summer,Uttar Pradesh,51281.0,28758,672.9,6840885.4,8204.96,133.4,0.15999999999999998,0.560792496246173,0.57245614
Urad,2007,Kharif,Uttarakhand,11409.0,8776,1924.3,1521960.6,1825.44,133.4,0.16,0.7692172845998773,0.686923077
Urad,2007,Summer,Uttarakhand,298.0,134,1924.3,39753.2,47.68,133.39999999999998,0.16,0.44966442953020136,0.63
Urad,2007,Kharif,West Bengal,45635.0,34823,2007.5,6087709.0,7301.6,133.4,0.16,0.7630765859537636,0.617222222
Urad,2007,Rabi,West Bengal,6901.0,5326,2007.5,920593.4,1104.16,133.4,0.16,0.7717722069265324,0.7375
Urad,2008,Kharif,Andhra Pradesh,69015.0,40474,944.6,9871905.6,6211.35,143.04,0.09000000000000001,0.5864522205317685,0.460526316
Urad,2008,Rabi,Andhra Pradesh,269360.0,180440,944.6,38529254.4,24242.4,143.04,0.09000000000000001,0.6698841698841699,0.62
Urad,2008,Rabi,Assam,39723.0,23058,2109.9,5681977.92,3575.07,143.04,0.09000000000000001,0.5804697530398006,0.600740741
Urad,2008,Kharif,Bihar,21445.0,17980,1197.7,3067492.8,1930.05,143.04,0.09,0.8384238750291443,0.747352941
Urad,2008,Kharif,Chhattisgarh,106086.0,31280,1117.9,15174541.44,9547.74,143.04,0.09,0.2948551175461418,0.298888889
Urad,2008,Rabi,Chhattisgarh,4679.0,1146,1117.9,669284.16,421.11,143.04000000000002,0.09,0.24492412908741185,0.236153846
Urad,2008,Kharif,Gujarat,95500.0,64100,746.1,13660320.0,8595.0,143.04,0.09,0.6712041884816754,0.6692
Urad,2008,Kharif,Haryana,2580.0,1000,715.6,369043.2,232.2,143.04,0.09,0.3875968992248062,0.258181818
Urad,2008,Kharif,Himachal Pradesh,10637.0,4576,1357.1,1521516.48,957.33,143.04,0.09000000000000001,0.4301964839710445,0.517272727
Urad,2008,Rabi,Jammu and Kashmir,11.0,5,1390.1,1573.44,0.99,143.04,0.09,0.45454545454545453,0.44
Urad,2008,Kharif,Karnataka,101121.0,27017,1164.1,14464347.84,9100.89,143.04,0.09,0.2671749686019719,0.274782609
Urad,2008,Rabi,Karnataka,10540.0,4588,1164.1,1507641.6,948.6,143.04000000000002,0.09,0.43529411764705883,0.43
Urad,2008,Kharif,Madhya Pradesh,514530.0,194838,895.0,73598371.2,46307.7,143.04,0.09,0.3786717975628243,0.3522
Urad,2008,Rabi,Madhya Pradesh,5998.0,2028,895.0,857953.92,539.82,143.04000000000002,0.09000000000000001,0.33811270423474493,0.226470588
Urad,2008,Kharif,Maharashtra,323900.0,99900,1052.8,46330656.0,29151.0,143.04,0.09,0.30842852732324794,0.461515152
Urad,2008,Kharif,Manipur,1487.0,1609,1134.8,212700.48,133.83,143.04000000000002,0.09000000000000001,1.082044384667115,1.135555556
Urad,2008,Rabi,Nagaland,260.0,180,1540.9,37190.4,23.4,143.04,0.09,0.6923076923076923,0.714
Urad,2008,Autumn,Odisha,28830.0,6823,1539.0,4123843.2,2594.7,143.04000000000002,0.09,0.2366631980575789,0.24125
Urad,2008,Summer,Odisha,9669.0,3745,1539.0,1383053.76,870.21,143.04,0.09000000000000001,0.3873203019960699,0.31
Urad,2008,Winter,Odisha,90687.0,26672,1539.0,12971868.48,8161.83,143.04,0.09,0.29411051198076904,0.266551724
Urad,2008,Kharif,Puducherry,21.0,16,1434.5875,3003.84,1.89,143.04000000000002,0.09,0.7619047619047619,0.76
Urad,2008,Rabi,Puducherry,124.0,79,1434.5875,17736.96,11.16,143.04,0.09,0.6370967741935484,0.525
Urad,2008,Summer,Puducherry,1214.0,266,1434.5875,173650.56,109.26,143.04,0.09000000000000001,0.21911037891268534,0.53
Urad,2008,Kharif,Punjab,2900.0,1400,691.3,414816.0,261.0,143.04,0.09,0.4827586206896552,0.491428571
Urad,2008,Kharif,Sikkim,3220.0,2826,2247.5,460588.8,289.8,143.04,0.09,0.877639751552795,0.85
Urad,2008,Whole Year,Tamil Nadu,263671.0,82983,1201.9,37715499.84,23730.39,143.04000000000002,0.09,0.314721755521085,0.666666667
Urad,2008,Kharif,Tripura,716.0,462,1827.8,102416.64,64.44,143.04,0.09,0.6452513966480447,0.645
Urad,2008,Rabi,Tripura,336.0,227,1827.8,48061.44,30.24,143.04000000000002,0.09,0.6755952380952381,0.6425
Urad,2008,Kharif,Uttar Pradesh,362921.0,195349,891.6,51912219.84,32662.89,143.04000000000002,0.09,0.538268659019456,0.550289855
Urad,2008,Summer,Uttar Pradesh,53715.0,33405,891.6,7683393.6,4834.35,143.04,0.09000000000000001,0.6218933258866238,0.661694915
Urad,2008,Kharif,Uttarakhand,12152.0,8916,1363.7,1738222.08,1093.68,143.04,0.09000000000000001,0.7337063857801185,0.662307692
Urad,2008,Summer,Uttarakhand,203.0,129,1363.7,29037.12,18.27,143.04,0.09,0.6354679802955665,0.76
Urad,2008,Kharif,West Bengal,50246.0,34769,1560.1,7187187.84,4522.14,143.04,0.09000000000000001,0.6919754806352745,0.629444444
Urad,2008,Rabi,West Bengal,6765.0,5143,1560.1,967665.6,608.85,143.04,0.09,0.7602365114560237,0.7125
Urad,2009,Kharif,Andhra Pradesh,82940.0,12732,711.0,12923710.8,14099.8,155.82000000000002,0.16999999999999998,0.15350856040511213,0.2605
Urad,2009,Rabi,Andhra Pradesh,346178.0,255694,711.0,53941455.96,58850.26,155.82,0.17,0.7386200162921965,0.640952381
Urad,2009,Rabi,Assam,43353.0,24558,1727.1,6755264.46,7370.01,155.82,0.17,0.5664659885129056,0.565925926
Urad,2009,Kharif,Bihar,20045.0,19845,889.3,3123411.9,3407.65,155.82,0.17,0.9900224494886506,0.992058824
Urad,2009,Kharif,Chhattisgarh,102703.0,28064,956.9,16003181.46,17459.51,155.82000000000002,0.16999999999999998,0.273253945843841,0.28
Urad,2009,Rabi,Chhattisgarh,4512.0,1135,956.9,703059.84,767.04,155.82,0.16999999999999998,0.2515514184397163,0.242307692
Urad,2009,Kharif,Gujarat,97900.0,50500,618.0,15254778.0,16643.0,155.82,0.17,0.515832482124617,0.610384615
Urad,2009,Kharif,Haryana,2964.0,1100,393.0,461850.48,503.88,155.82,0.17,0.37112010796221323,0.25875
Urad,2009,Kharif,Himachal Pradesh,10007.0,1982,969.9,1559290.74,1701.19,155.82,0.17,0.19806135705006495,0.284545455
Urad,2009,Kharif,Jammu and Kashmir,15747.0,5676,751.7,2453697.54,2676.99,155.82,0.16999999999999998,0.36044960944941895,0.453846154
Urad,2009,Kharif,Karnataka,109099.0,9259,1321.0,16999806.18,18546.83,155.82,0.17,0.08486787229947113,0.153181818
Urad,2009,Rabi,Karnataka,9092.0,3548,1321.0,1416715.44,1545.64,155.82,0.17,0.3902331720193577,0.372307692
Urad,2009,Kharif,Madhya Pradesh,568158.0,213136,904.1,88530379.56,96586.86,155.82,0.17,0.37513508566279097,0.351
Urad,2009,Rabi,Madhya Pradesh,4882.0,1945,904.1,760713.24,829.94,155.82,0.17,0.39840229414174516,0.220833333
Urad,2009,Kharif,Maharashtra,353500.0,117700,1002.4,55082370.0,60095.0,155.82,0.17,0.33295615275813295,0.500606061
Urad,2009,Kharif,Manipur,361.0,297,992.5,56251.02,61.37,155.82,0.16999999999999998,0.8227146814404432,0.706666667
Urad,2009,Kharif,Nagaland,300.0,200,1225.9,46746.0,51.0,155.82,0.17,0.6666666666666666,0.60375
Urad,2009,Rabi,Nagaland,470.0,350,1225.9,73235.4,79.9,155.82,0.17,0.7446808510638298,0.707
Urad,2009,Autumn,Odisha,29523.0,6514,1330.3,4600273.86,5018.91,155.82000000000002,0.16999999999999998,0.22064153371947295,0.26
Urad,2009,Summer,Odisha,7333.0,2477,1330.3,1142628.06,1246.61,155.82000000000002,0.16999999999999998,0.3377880812764217,0.263
Urad,2009,Winter,Odisha,93222.0,30271,1330.3,14525852.04,15847.74,155.82,0.16999999999999998,0.3247194868164167,0.299655172
Urad,2009,Kharif,Puducherry,31.0,10,1434.5875,4830.42,5.27,155.82,0.16999999999999998,0.3225806451612903,0.32
Urad,2009,Rabi,Puducherry,93.0,58,1434.5875,14491.26,15.81,155.82,0.17,0.6236559139784946,0.52
Urad,2009,Summer,Puducherry,874.0,101,1434.5875,136186.68,148.58,155.82,0.17,0.11556064073226545,0.626666667
Urad,2009,Kharif,Punjab,2800.0,1400,371.3,436296.0,476.0,155.82,0.17,0.5,0.49
Urad,2009,Kharif,Sikkim,3600.0,3030,2176.6,560952.0,612.0,155.82,0.17,0.8416666666666667,0.8375
Urad,2009,Whole Year,Tamil Nadu,259722.0,98712,928.5,40469882.04,44152.74,155.82,0.16999999999999998,0.3800679187746899,0.392333333
Urad,2009,Kharif,Tripura,764.0,462,2004.2,119046.48,129.88,155.82,0.16999999999999998,0.6047120418848168,0.5875
Urad,2009,Rabi,Tripura,325.0,204,2004.2,50641.5,55.25,155.82,0.17,0.6276923076923077,0.59
Urad,2009,Kharif,Uttar Pradesh,501548.0,191479,585.8,78151209.36,85263.16,155.82,0.17,0.3817760214376291,0.457746479
Urad,2009,Summer,Uttar Pradesh,51359.0,31837,585.8,8002759.38,8731.03,155.82,0.17,0.6198913530247863,0.678166667
Urad,2009,Kharif,Uttarakhand,10731.0,7705,847.8,1672104.42,1824.27,155.82,0.16999999999999998,0.7180132326903365,0.661538462
Urad,2009,Rabi,Uttarakhand,207.0,113,847.8,32254.74,35.19,155.82000000000002,0.16999999999999998,0.5458937198067633,0.55
Urad,2009,Kharif,West Bengal,43007.0,30072,1317.2,6701350.74,7311.19,155.82,0.16999999999999998,0.6992350082544702,0.579375
Urad,2009,Rabi,West Bengal,7009.0,5558,1317.2,1092142.38,1191.53,155.82,0.16999999999999998,0.7929804537023827,0.75
Urad,2010,Kharif,Andhra Pradesh,82317.0,46191,1297.0,13673676.87,19756.08,166.10999999999999,0.24000000000000002,0.5611356098983199,0.472857143
Urad,2010,Rabi,Andhra Pradesh,381529.0,207272,1297.0,63375782.19,91566.96,166.10999999999999,0.24000000000000002,0.543266697944324,0.573809524
Urad,2010,Rabi,Assam,48796.0,27216,2578.5,8105503.56,11711.04,166.10999999999999,0.24000000000000002,0.5577506352979752,0.577037037
Urad,2010,Kharif,Bihar,15167.0,13225,629.2,2519390.37,3640.08,166.11,0.24,0.8719588580470758,0.8775
Urad,2010,Kharif,Chhattisgarh,102808.0,29551,1283.1,17077436.88,24673.92,166.10999999999999,0.24,0.2874387207221228,0.291111111
Urad,2010,Rabi,Chhattisgarh,4298.0,1097,1283.1,713940.78,1031.52,166.11,0.24,0.2552349930200093,0.233076923
Urad,2010,Kharif,Gujarat,102100.0,68700,1107.5,16959831.0,24504.0,166.11,0.24,0.672869735553379,0.672307692
Urad,2010,Summer,Gujarat,7000.0,4600,1107.5,1162770.0,1680.0,166.11,0.24,0.6571428571428571,0.7625
Urad,2010,Kharif,Haryana,1387.0,700,639.2,230394.57,332.88,166.11,0.24,0.5046863734679163,0.351
Urad,2010,Kharif,Himachal Pradesh,9616.0,4358,1319.8,1597313.76,2307.84,166.11,0.24000000000000002,0.45320299500831945,0.575454545
Urad,2010,Kharif,Jammu and Kashmir,14367.0,4844,1352.0,2386502.37,3448.08,166.11,0.24,0.33716155077608406,0.47
Urad,2010,Kharif,Karnataka,118318.0,42990,1317.7,19653802.98,28396.32,166.11,0.24,0.36334285569397723,0.362916667
Urad,2010,Rabi,Karnataka,8727.0,4079,1317.7,1449641.97,2094.48,166.10999999999999,0.24,0.46740002291738286,0.464166667
Urad,2010,Kharif,Madhya Pradesh,555055.0,213739,856.3,92200186.05,133213.2,166.10999999999999,0.24000000000000002,0.3850771545162191,0.375306122
Urad,2010,Rabi,Madhya Pradesh,5393.0,2090,856.3,895831.23,1294.32,166.10999999999999,0.24,0.3875394029297237,0.227647059
Urad,2010,Kharif,Maharashtra,481700.0,328700,1389.0,80015187.0,115608.0,166.11,0.24,0.6823749221507163,0.713636364
Urad,2010,Kharif,Manipur,1500.0,1710,2160.5,249165.0,360.0,166.11,0.24,1.14,1.21
Urad,2010,Rabi,Nagaland,660.0,430,1771.8,109632.6,158.4,166.11,0.24000000000000002,0.6515151515151515,0.639
Urad,2010,Autumn,Odisha,35912.0,8515,1291.9,5965342.32,8618.88,166.11,0.24,0.2371073735798619,0.230909091
Urad,2010,Summer,Odisha,8014.0,2980,1291.9,1331205.54,1923.36,166.11,0.24,0.37184926378837035,0.360416667
Urad,2010,Winter,Odisha,89773.0,28134,1291.9,14912193.03,21545.52,166.10999999999999,0.24,0.31339044033283947,0.280333333
Urad,2010,Kharif,Puducherry,22.0,17,1434.5875,3654.42,5.28,166.11,0.24000000000000002,0.7727272727272727,0.77
Urad,2010,Rabi,Puducherry,189.0,206,1434.5875,31394.79,45.36,166.11,0.24,1.08994708994709,1.09
Urad,2010,Summer,Puducherry,916.0,374,1434.5875,152156.76,219.84,166.11,0.24,0.40829694323144106,0.626666667
Urad,2010,Kharif,Punjab,2800.0,1600,392.7,465108.0,672.0,166.11,0.24,0.5714285714285714,0.734
Urad,2010,Kharif,Sikkim,3700.0,1943,2527.0,614607.0,888.0,166.11,0.24,0.5251351351351351,0.66
Urad,2010,Kharif,Tamil Nadu,304432.0,123011,1095.2,50569199.52,73063.68,166.11,0.23999999999999996,0.4040672465443843,0.484666667
Urad,2010,Kharif,Tripura,912.0,519,2348.3,151492.32,218.88,166.11,0.24,0.569078947368421,0.5725
Urad,2010,Rabi,Tripura,403.0,271,2348.3,66942.33,96.72,166.11,0.24,0.6724565756823822,0.635
Urad,2010,Kharif,Uttar Pradesh,494406.0,333778,742.6,82125780.66,118657.44,166.10999999999999,0.24,0.6751091208440027,0.653194444
Urad,2010,Summer,Uttar Pradesh,61321.0,38202,742.6,10186031.31,14717.04,166.11,0.24000000000000002,0.6229839696025832,0.685
Urad,2010,Kharif,Uttarakhand,10475.0,8392,1419.0,1740002.25,2514.0,166.11,0.24,0.801145584725537,0.697692308
Urad,2010,Rabi,Uttarakhand,176.0,100,1419.0,29235.36,42.24,166.11,0.24000000000000002,0.5681818181818182,0.546666667
Urad,2010,Kharif,West Bengal,45020.0,28462,1096.0,7478272.2,10804.8,166.11,0.24,0.6322079075966237,0.471176471
Urad,2010,Rabi,West Bengal,11865.0,10661,1096.0,1970895.15,2847.6,166.10999999999999,0.24,0.8985250737463126,0.756666667
Urad,2011,Kharif,Andhra Pradesh,62571.0,40360,861.9,10481893.92,20648.43,167.52,0.33,0.6450272490450848,0.598095238
Urad,2011,Rabi,Andhra Pradesh,477139.0,327400,861.9,79930325.28,157455.87,167.52,0.33,0.6861732115798541,0.5575
Urad,2011,Rabi,Assam,53669.0,29832,1743.4,8990630.88,17710.77,167.52,0.33,0.5558516089362574,0.565555556
Urad,2011,Kharif,Bihar,13704.0,11867,1097.1,2295694.08,4522.32,167.52,0.32999999999999996,0.8659515469935786,0.899666667
Urad,2011,Kharif,Chhattisgarh,98154.0,29066,1302.7,16442758.08,32390.82,167.52,0.33,0.2961264950995375,0.295925926
Urad,2011,Rabi,Chhattisgarh,3820.0,1005,1302.7,639926.4,1260.6,167.52,0.32999999999999996,0.2630890052356021,0.257894737
Urad,2011,Kharif,Gujarat,96200.0,67600,890.5,16115424.0,31746.0,167.52,0.33,0.7027027027027027,0.7364
Urad,2011,Summer,Gujarat,7000.0,4400,890.5,1172640.0,2310.0,167.52,0.33,0.6285714285714286,0.79
Urad,2011,Kharif,Haryana,2013.0,700,471.5409091,337217.76,664.29,167.52,0.32999999999999996,0.34773969200198707,0.162307692
Urad,2011,Kharif,Himachal Pradesh,9664.0,6150,1108.3,1618913.28,3189.12,167.52,0.33,0.6363824503311258,0.690909091
Urad,2011,Kharif,Jammu and Kashmir,15022.0,5175,887.6,2516485.44,4957.26,167.52,0.33,0.34449474104646516,0.448333333
Urad,2011,Kharif,Karnataka,84014.0,30814,1178.986364,14074025.28,27724.62,167.51999999999998,0.33,0.3667722046325612,0.374782609
Urad,2011,Rabi,Karnataka,8260.0,4199,1178.986364,1383715.2,2725.8,167.51999999999998,0.33,0.5083535108958838,0.51125
Urad,2011,Kharif,Madhya Pradesh,599209.0,162439,852.6,100379491.7,197738.97,167.52000003337733,0.33,0.2710890524007483,0.2536
Urad,2011,Rabi,Madhya Pradesh,6464.0,1900,852.6,1082849.28,2133.12,167.52,0.32999999999999996,0.2939356435643564,0.2
Urad,2011,Kharif,Maharashtra,363900.0,249460,1174.095455,60960528.0,120087.0,167.52,0.33,0.6855179994503985,0.616060606
Urad,2011,Kharif,Manipur,1506.0,1650,1533.561905,252285.12,496.98,167.52,0.33,1.095617529880478,1.136666667
Urad,2011,Kharif,Nagaland,220.0,210,1544.354545,36854.4,72.6,167.52,0.32999999999999996,0.9545454545454546,0.9875
Urad,2011,Rabi,Nagaland,680.0,450,1544.354545,113913.6,224.4,167.52,0.33,0.6617647058823529,0.645
Urad,2011,Autumn,Odisha,29714.0,6032,1346.2,4977689.28,9805.62,167.52,0.33,0.2030019519418456,0.20952381
Urad,2011,Summer,Odisha,5980.0,2073,1346.2,1001769.6,1973.4,167.52,0.33,0.3466555183946488,0.270434783
Urad,2011,Winter,Odisha,76386.0,21975,1346.2,12796182.72,25207.38,167.52,0.33,0.2876836069436808,0.253103448
Urad,2011,Kharif,Puducherry,15.0,12,1434.5875,2512.8,4.95,167.52,0.33,0.8,0.8
Urad,2011,Rabi,Puducherry,224.0,242,1434.5875,37524.48,73.92,167.52,0.33,1.0803571428571428,0.83
Urad,2011,Summer,Puducherry,832.0,317,1434.5875,139376.64,274.56,167.52,0.33,0.38100961538461536,0.563333333
Urad,2011,Kharif,Punjab,2800.0,1100,705.2,469056.0,924.0,167.52,0.33,0.39285714285714285,0.4875
Urad,2011,Kharif,Sikkim,3420.0,3000,2585.486364,572918.4,1128.6,167.52,0.32999999999999996,0.8771929824561403,0.8675
Urad,2011,Whole Year,Tamil Nadu,308263.0,178816,926.5,51640217.76,101726.79,167.51999999999998,0.32999999999999996,0.5800761038463909,0.663333333
Urad,2011,Kharif,Tripura,1151.0,711,2295.609091,192815.52,379.83,167.51999999999998,0.32999999999999996,0.6177237185056472,0.62
Urad,2011,Rabi,Tripura,495.0,337,2295.609091,82922.4,163.35,167.51999999999998,0.33,0.6808080808080809,0.6325
Urad,2011,Kharif,Uttar Pradesh,507317.0,339225,777.4,84985743.84,167414.61,167.52,0.32999999999999996,0.6686647599035711,0.659166667
Urad,2011,Summer,Uttar Pradesh,48109.0,31944,777.4,8059219.68,15875.97,167.51999999999998,0.32999999999999996,0.6639921844145587,0.726984127
Urad,2011,Kharif,Uttarakhand,11013.0,8941,1564.7,1844897.76,3634.29,167.52,0.33,0.8118587124307637,0.696153846
Urad,2011,Summer,Uttarakhand,77.0,19,1564.7,12899.04,25.41,167.52,0.33,0.24675324675324675,0.25
Urad,2011,Kharif,West Bengal,44606.0,27191,1686.5,7472397.12,14719.98,167.52,0.33,0.6095816706272699,0.464117647
Urad,2011,Rabi,West Bengal,9158.0,7766,1686.5,1534148.16,3022.14,167.51999999999998,0.32999999999999996,0.8480017471063551,0.757777778
Urad,2012,Kharif,Andhra Pradesh,57000.0,51000,968.7,8595600.0,17670.0,150.8,0.31,0.8947368421052632,0.830666667
Urad,2012,Rabi,Andhra Pradesh,387000.0,321000,968.7,58359600.0,119970.0,150.8,0.31,0.8294573643410853,0.693333333
Urad,2012,Rabi,Assam,48527.0,26735,2167.5,7317871.6,15043.37,150.79999999999998,0.31,0.550930409874915,0.546666667
Urad,2012,Kharif,Bihar,14057.0,12149,924.1,2119795.6,4357.67,150.8,0.31,0.8642669132816391,0.903666667
Urad,2012,Kharif,Chhattisgarh,95277.0,30509,1366.8,14367771.6,29535.87,150.79999999999998,0.31,0.3202136927065294,0.34
Urad,2012,Rabi,Chhattisgarh,3385.0,850,1366.8,510458.0,1049.35,150.8,0.31,0.2511078286558346,0.285
Urad,2012,Kharif,Gujarat,94400.0,59600,460.6,14235520.0,29264.0,150.8,0.31,0.6313559322033898,0.579583333
Urad,2012,Summer,Gujarat,400.0,500,460.6,60320.0,124.0,150.8,0.31,1.25,1.25
Urad,2012,Kharif,Haryana,2156.0,816,307.9,325124.8,668.36,150.79999999999998,0.31,0.3784786641929499,0.3225
Urad,2012,Kharif,Himachal Pradesh,9519.0,3841,1035.0,1435465.2,2950.89,150.79999999999998,0.31,0.40350877192982454,0.527272727
Urad,2012,Kharif,Jammu and Kashmir,14010.0,5423,1116.7,2112708.0,4343.1,150.8,0.31000000000000005,0.3870806566738044,0.447692308
Urad,2012,Kharif,Karnataka,102636.0,49448,956.2,15477508.8,31817.16,150.8,0.31,0.48178027202930745,0.3365
Urad,2012,Rabi,Karnataka,5376.0,2791,956.2,810700.8,1666.56,150.8,0.31,0.5191592261904762,0.609090909
Urad,2012,Kharif,Madhya Pradesh,621877.0,255340,1049.5,93779051.6,192781.87,150.79999999999998,0.31,0.41059566441595363,0.4268
Urad,2012,Rabi,Madhya Pradesh,6608.0,3434,1049.5,996486.4,2048.48,150.8,0.31,0.5196731234866828,0.3575
Urad,2012,Kharif,Maharashtra,360300.0,213600,1003.4,54333240.0,111693.0,150.8,0.31,0.5928393005828476,0.5715625
Urad,2012,Kharif,Manipur,1450.0,1584,1176.7,218660.0,449.5,150.8,0.31,1.0924137931034483,1.09
Urad,2012,Kharif,Nagaland,310.0,310,1296.6,46748.0,96.1,150.8,0.31,1.0,1.0
Urad,2012,Rabi,Nagaland,730.0,580,1296.6,110084.0,226.3,150.8,0.31,0.7945205479452054,0.789
Urad,2012,Autumn,Odisha,27091.0,7941,1430.2,4085322.8,8398.21,150.79999999999998,0.30999999999999994,0.2931231774390019,0.2775
Urad,2012,Summer,Odisha,5021.0,1901,1430.2,757166.8,1556.51,150.8,0.31,0.37860983867755427,0.400555556
Urad,2012,Winter,Odisha,79881.0,27544,1430.2,12046054.8,24763.11,150.8,0.31,0.3448129092024386,0.336785714
Urad,2012,Kharif,Puducherry,4.0,4,1098.3,603.2,1.24,150.8,0.31,1.0,1.0
Urad,2012,Rabi,Puducherry,227.0,310,1098.3,34231.6,70.37,150.79999999999998,0.31,1.3656387665198237,0.995
Urad,2012,Summer,Puducherry,410.0,151,1098.3,61828.0,127.1,150.8,0.31,0.36829268292682926,0.72
Urad,2012,Kharif,Punjab,2500.0,1200,338.9,377000.0,775.0,150.8,0.31,0.48,0.486666667
Urad,2012,Kharif,Sikkim,3270.0,2910,3006.9,493116.0,1013.7,150.8,0.31,0.8899082568807339,0.91
Urad,2012,Kharif,Tamil Nadu,208625.0,88706,706.8,31460650.0,64673.75,150.8,0.31,0.42519352905931695,0.474666667
Urad,2012,Kharif,Tripura,827.0,512,1882.2,124711.6,256.37,150.8,0.31,0.619105199516324,0.575
Urad,2012,Rabi,Tripura,554.0,371,1882.2,83543.2,171.74,150.79999999999998,0.31,0.6696750902527075,0.64
Urad,2012,Kharif,Uttar Pradesh,524224.0,347341,746.3,79052979.2,162509.44,150.8,0.31,0.6625812629715542,0.656164384
Urad,2012,Summer,Uttar Pradesh,48188.0,33328,746.3,7266750.4,14938.28,150.8,0.31,0.6916244708226115,0.728412698
Urad,2012,Kharif,Uttarakhand,11770.0,9211,1309.8,1774916.0,3648.7,150.8,0.31,0.7825828377230246,0.751538462
Urad,2012,Summer,Uttarakhand,114.0,58,1309.8,17191.2,35.34,150.8,0.31000000000000005,0.5087719298245614,0.6275
Urad,2012,Kharif,West Bengal,50996.0,34295,1566.0,7690196.8,15808.76,150.79999999999998,0.31,0.6725037257824144,0.51
Urad,2012,Rabi,West Bengal,9251.0,7898,1566.0,1395050.8,2867.81,150.8,0.31,0.8537455410225921,0.751111111
Urad,2013,Kharif,Andhra Pradesh,14508.0,9901,1062.3,2096260.92,3917.16,144.48999999999998,0.26999999999999996,0.6824510614833196,0.724615385
Urad,2013,Rabi,Andhra Pradesh,250265.0,196803,1062.3,36160789.85,67571.55,144.49,0.27,0.7863784388548138,0.759230769
Urad,2013,Rabi,Assam,54001.0,31319,1797.7,7802604.49,14580.27,144.49,0.27,0.5799707412825689,0.575925926
Urad,2013,Kharif,Bihar,15503.0,14142,1069.9,2240028.47,4185.81,144.49,0.27,0.912210539895504,0.918387097
Urad,2013,Kharif,Chhattisgarh,93484.0,29013,1418.3,13507503.16,25240.68,144.49,0.27,0.3103525737024518,0.333333333
Urad,2013,Rabi,Chhattisgarh,3451.0,912,1418.3,498634.99,931.77,144.49,0.27,0.264271225731672,0.281578947
Urad,2013,Kharif,Gujarat,86413.0,52715,1006.5,12485814.37,23331.51,144.48999999999998,0.26999999999999996,0.6100355270619005,0.6348
Urad,2013,Summer,Gujarat,1253.0,801,1006.5,181045.97,338.31,144.49,0.27,0.6392657621707901,0.58
Urad,2013,Kharif,Haryana,1600.0,600,452.2,231184.0,432.0,144.49,0.27,0.375,0.45
Urad,2013,Kharif,Himachal Pradesh,7686.0,3339,1216.9,1110550.14,2075.22,144.48999999999998,0.26999999999999996,0.4344262295081967,0.54
Urad,2013,Kharif,Karnataka,95294.0,45839,1235.6,13769030.06,25729.38,144.49,0.27,0.48102713707053957,0.403684211
Urad,2013,Rabi,Karnataka,6843.0,3911,1235.6,988745.07,1847.61,144.48999999999998,0.26999999999999996,0.5715329533830191,0.566923077
Urad,2013,Kharif,Madhya Pradesh,570864.0,207407,1451.4,82484139.36,154133.28,144.49,0.27,0.36332121135682055,0.401960784
Urad,2013,Rabi,Madhya Pradesh,10499.0,4366,1451.4,1517000.51,2834.73,144.49,0.27,0.4158491284884275,0.378888889
Urad,2013,Kharif,Maharashtra,334400.0,206440,1409.8,48317456.0,90288.0,144.49,0.27,0.6173444976076555,0.555483871
Urad,2013,Kharif,Manipur,1460.0,1643,1428.8,210955.4,394.2,144.49,0.27,1.1253424657534246,1.122222222
Urad,2013,Rabi,Nagaland,760.0,610,1350.9,109812.4,205.2,144.48999999999998,0.26999999999999996,0.8026315789473685,0.803
Urad,2013,Autumn,Odisha,27587.0,8298,1632.4,3986045.63,7448.49,144.49,0.27,0.3007938521767499,0.253888889
Urad,2013,Summer,Odisha,3008.0,1344,1632.4,434625.92,812.16,144.48999999999998,0.26999999999999996,0.44680851063829785,0.383125
Urad,2013,Winter,Odisha,54210.0,16697,1632.4,7832802.9,14636.7,144.49,0.27,0.30800590296993174,0.322758621
Urad,2013,Kharif,Puducherry,3.0,2,1083.2,433.47,0.81,144.49,0.27,0.6666666666666666,0.67
Urad,2013,Rabi,Puducherry,132.0,138,1083.2,19072.68,35.64,144.49,0.27,1.0454545454545454,0.82
Urad,2013,Summer,Puducherry,476.0,128,1083.2,68777.24,128.52,144.49,0.27,0.2689075630252101,0.615
Urad,2013,Kharif,Punjab,2200.0,1050,586.6,317878.0,594.0,144.49,0.27,0.4772727272727273,0.464
Urad,2013,Kharif,Sikkim,3280.0,2954,2567.6,473927.2,885.6,144.49,0.27,0.900609756097561,0.92
Urad,2013,Kharif,Tamil Nadu,69872.0,58712,740.9,10095805.28,18865.44,144.48999999999998,0.26999999999999996,0.8402793679871765,0.824827586
Urad,2013,Rabi,Tamil Nadu,295256.0,251946,740.9,42661539.44,79719.12,144.48999999999998,0.26999999999999996,0.8533137345219064,0.788
Urad,2013,Kharif,Telangana,32090.0,26377,1348.7,4636684.1,8664.3,144.48999999999998,0.26999999999999996,0.8219694608912433,0.83125
Urad,2013,Rabi,Telangana,9473.0,9028,1348.7,1368753.77,2557.71,144.49,0.27,0.9530243850944791,0.912857143
Urad,2013,Kharif,Tripura,1324.0,817,2043.5,191304.76,357.48,144.49,0.27,0.6170694864048338,0.5875
Urad,2013,Rabi,Tripura,380.0,295,2043.5,54906.2,102.6,144.48999999999998,0.26999999999999996,0.7763157894736842,0.782857143
Urad,2013,Kharif,Uttar Pradesh,496901.0,221673,995.2,71797225.49,134163.27,144.48999999999998,0.26999999999999996,0.4461109959529162,0.506891892
Urad,2013,Summer,Uttar Pradesh,45092.0,26112,995.2,6515343.08,12174.84,144.49,0.27,0.5790827641266744,0.615873016
Urad,2013,Kharif,Uttarakhand,11132.0,8839,1735.4,1608462.68,3005.64,144.48999999999998,0.26999999999999996,0.7940172475745598,0.793076923
Urad,2013,Summer,Uttarakhand,66.0,27,1735.4,9536.34,17.82,144.49,0.27,0.4090909090909091,0.41
Urad,2013,Kharif,West Bengal,60427.0,40267,1939.9,8731097.23,16315.29,144.49,0.27,0.6663743028778526,0.575
Urad,2013,Rabi,West Bengal,9625.0,8543,1939.9,1390716.25,2598.75,144.49,0.27,0.8875844155844156,0.69375
Urad,2014,Kharif,Andhra Pradesh,19424.0,20949,687.6,2932247.04,6409.92,150.96,0.33,1.0785111202635915,1.113076923
Urad,2014,Rabi,Andhra Pradesh,296414.0,277700,687.6,44746657.44,97816.62,150.95999999999998,0.32999999999999996,0.9368653302475591,0.948461538
Urad,2014,Rabi,Assam,52830.0,34237,1899.0,7975216.8,17433.9,150.96,0.33,0.6480598144993375,0.634444444
Urad,2014,Kharif,Bihar,15725.0,14355,1061.0,2373846.0,5189.25,150.96,0.33,0.9128775834658187,0.917407407
Urad,2014,Kharif,Chhattisgarh,92613.0,29233,1274.7,13980858.48,30562.29,150.96,0.33,0.315646831438351,0.335555556
Urad,2014,Rabi,Chhattisgarh,3256.0,863,1274.7,491525.76,1074.48,150.96,0.33,0.26504914004914004,0.272380952
Urad,2014,Kharif,Gujarat,67835.0,47654,605.6,10240371.6,22385.55,150.96,0.33,0.7024987101054028,0.735625
Urad,2014,Summer,Gujarat,1351.0,877,605.6,203946.96,445.83,150.96,0.33,0.6491487786824575,0.715
Urad,2014,Kharif,Haryana,1300.0,500,301.3,196248.0,429.0,150.96,0.33,0.38461538461538464,0.358
Urad,2014,Kharif,Himachal Pradesh,7342.0,3396,1019.9,1108348.32,2422.86,150.96,0.33,0.462544265867611,0.453636364
Urad,2014,Kharif,Jammu and Kashmir,13063.0,4321,1278.4,1971990.48,4310.79,150.96,0.33,0.3307815968766746,0.304
Urad,2014,Kharif,Karnataka,63176.0,17572,1238.5,9537048.96,20848.08,150.96,0.33,0.2781435988350006,0.281428571
Urad,2014,Rabi,Karnataka,7093.0,3230,1238.5,1070759.28,2340.69,150.96,0.33,0.4553785422247286,0.423636364
Urad,2014,Kharif,Madhya Pradesh,841000.0,427000,891.2,126957360.0,277530.0,150.96,0.33,0.5077288941736029,0.5156
Urad,2014,Kharif,Maharashtra,276500.0,92300,1001.6,41740440.0,91245.0,150.96,0.33,0.33381555153707054,0.408787879
Urad,2014,Kharif,Manipur,1421.0,1683,987.5,214514.16,468.93,150.96,0.33,1.1843771991555243,1.196666667
Urad,2014,Kharif,Nagaland,790.0,640,1333.3,119258.4,260.7,150.95999999999998,0.32999999999999996,0.810126582278481,0.820909091
Urad,2014,Autumn,Odisha,22843.0,5978,1536.9,3448379.28,7538.19,150.95999999999998,0.32999999999999996,0.2616994265201594,0.285
Urad,2014,Summer,Odisha,2800.0,1120,1536.9,422688.0,924.0,150.96,0.33,0.4,0.402777778
Urad,2014,Winter,Odisha,56121.0,20452,1536.9,8472026.16,18519.93,150.96,0.33,0.36442686338447283,0.351034483
Urad,2014,Kharif,Puducherry,9.0,7,1330.0,1358.64,2.97,150.96,0.33,0.7777777777777778,0.78
Urad,2014,Rabi,Puducherry,171.0,174,1330.0,25814.16,56.43,150.96,0.33,1.0175438596491229,1.01
Urad,2014,Summer,Puducherry,592.0,211,1330.0,89368.32,195.36,150.96,0.33,0.3564189189189189,0.66
Urad,2014,Kharif,Punjab,2200.0,1210,382.7,332112.0,726.0,150.96,0.33,0.55,0.523333333
Urad,2014,Kharif,Sikkim,3230.0,2914,2627.0,487600.8,1065.9,150.96,0.33,0.9021671826625387,0.92
Urad,2014,Kharif,Tamil Nadu,61525.0,50094,911.3,9287814.0,20303.25,150.96,0.33,0.8142056074766355,0.825357143
Urad,2014,Rabi,Tamil Nadu,312257.0,308801,911.3,47138316.72,103044.81,150.96,0.33,0.9889321936738007,0.946
Urad,2014,Kharif,Telangana,19851.0,13022,746.4,2996706.96,6550.83,150.96,0.33,0.6559871039242355,0.66875
Urad,2014,Rabi,Telangana,8164.0,3316,746.4,1232437.44,2694.12,150.95999999999998,0.32999999999999996,0.4061734443900049,0.41
Urad,2014,Kharif,Tripura,889.0,520,2015.7,134203.44,293.37,150.96,0.33,0.5849268841394826,0.5725
Urad,2014,Rabi,Tripura,436.0,325,2015.7,65818.56,143.88,150.96,0.33,0.7454128440366973,0.705
Urad,2014,Kharif,Uttar Pradesh,519466.0,278369,616.4,78418587.36,171423.78,150.96,0.33,0.5358753027147108,0.574594595
Urad,2014,Summer,Uttar Pradesh,43663.0,23591,616.4,6591366.48,14408.79,150.96,0.33,0.5402972768705769,0.575454545
Urad,2014,Kharif,Uttarakhand,12610.0,9538,1287.4,1903605.6,4161.3,150.96,0.33,0.7563838223632038,0.75
Urad,2014,Summer,Uttarakhand,57.0,32,1287.4,8604.72,18.81,150.95999999999998,0.32999999999999996,0.5614035087719298,0.58
Urad,2014,Kharif,West Bengal,61669.0,42332,1483.5,9309552.24,20350.77,150.96,0.33,0.6864388915014027,0.57
Urad,2014,Rabi,West Bengal,10038.0,9433,1483.5,1515336.48,3312.54,150.96,0.33,0.9397290296871886,0.890909091
Urad,2015,Kharif,Andhra Pradesh,44016.0,30921,940.7,6950566.56,14525.28,157.91,0.33,0.7024945474372956,0.786153846
Urad,2015,Rabi,Andhra Pradesh,411586.0,379722,940.7,64993545.26,135823.38,157.91,0.33,0.9225824007619307,0.8
Urad,2015,Rabi,Assam,51579.0,33941,2155.3,8144839.89,17021.07,157.91,0.33,0.658039124449873,0.667777778
Urad,2015,Kharif,Bihar,13651.0,12048,874.0,2155629.41,4504.83,157.91000000000003,0.33,0.8825727052963153,0.906785714
Urad,2015,Kharif,Chhattisgarh,93650.0,28058,1136.0,14788271.5,30904.5,157.91,0.33,0.2996049119060331,0.322962963
Urad,2015,Rabi,Chhattisgarh,3301.0,848,1136.0,521260.91,1089.33,157.91,0.32999999999999996,0.25689185095425626,0.263809524
Urad,2015,Kharif,Gujarat,65221.0,38989,584.3,10299048.11,21522.93,157.91,0.33,0.5977982551632143,0.6328125
Urad,2015,Summer,Gujarat,2852.0,2016,584.3,450359.32,941.16,157.91,0.33,0.7068723702664796,0.733333333
Urad,2015,Kharif,Haryana,1600.0,560,426.8,252656.0,528.0,157.91,0.33,0.35,0.365
Urad,2015,Kharif,Himachal Pradesh,6922.0,3327,1223.2,1093053.02,2284.26,157.91,0.33,0.4806414331118174,0.579090909
Urad,2015,Kharif,Jammu and Kashmir,6457.0,2180,1572.6,1019624.87,2130.81,157.91,0.33,0.33761808889577205,0.403333333
Urad,2015,Rabi,Jammu and Kashmir,18.0,9,1572.6,2842.38,5.94,157.91,0.33,0.5,0.465
Urad,2015,Autumn,Jharkhand,43173.0,22469,1085.6,6817448.43,14247.09,157.91,0.33,0.5204410163759757,1.472352941
Urad,2015,Kharif,Karnataka,82234.0,20640,1024.9,12985570.94,27137.22,157.91,0.33,0.2509910742515261,0.262380952
Urad,2015,Rabi,Karnataka,5240.0,2036,1024.9,827448.4,1729.2,157.91,0.33,0.3885496183206107,0.362222222
Urad,2015,Summer,Karnataka,3911.0,1979,1024.9,617586.01,1290.63,157.91,0.33,0.5060086934287906,0.485
Urad,2015,Kharif,Madhya Pradesh,937000.0,515000,1000.7,147961670.0,309210.0,157.91,0.33,0.5496264674493063,0.554489796
Urad,2015,Kharif,Maharashtra,285900.0,61420,875.7,45146469.0,94347.0,157.91,0.33,0.21483036026582722,0.323939394
Urad,2015,Kharif,Manipur,1443.0,1618,1329.1,227864.13,476.19,157.91,0.33,1.1212751212751213,1.135555556
Urad,2015,Rabi,Nagaland,820.0,670,1308.3,129486.2,270.6,157.91,0.33,0.8170731707317073,0.824545455
Urad,2015,Autumn,Odisha,20281.0,5005,1210.1,3202572.71,6692.73,157.91,0.32999999999999996,0.2467827030225334,0.282142857
Urad,2015,Summer,Odisha,7564.0,3170,1210.1,1194431.24,2496.12,157.91,0.32999999999999996,0.4190904283447911,0.388
Urad,2015,Winter,Odisha,46473.0,16207,1210.1,7338551.43,15336.09,157.91,0.33,0.34874012867686616,0.311481481
Urad,2015,Kharif,Puducherry,72.0,38,1980.6,11369.52,23.76,157.91,0.33,0.5277777777777778,0.625
Urad,2015,Rabi,Puducherry,206.0,245,1980.6,32529.46,67.98,157.91,0.33,1.1893203883495145,1.0
Urad,2015,Summer,Puducherry,574.0,227,1980.6,90640.34,189.42,157.91,0.32999999999999996,0.39547038327526135,0.443333333
Urad,2015,Kharif,Punjab,2000.0,1080,512.6,315820.0,660.0,157.91,0.33,0.54,0.614
Urad,2015,Kharif,Sikkim,2904.0,2682,2949.1,458570.64,958.32,157.91,0.33,0.9235537190082644,0.94
Urad,2015,Kharif,Tamil Nadu,59145.0,40922,1201.9,9339586.95,19517.85,157.91,0.32999999999999996,0.6918928058162144,0.709285714
Urad,2015,Rabi,Tamil Nadu,336041.0,235449,1201.9,53064234.31,110893.53,157.91,0.33,0.7006555747661743,0.696333333
Urad,2015,Kharif,Telangana,23955.0,11111,747.9,3782734.05,7905.15,157.91,0.32999999999999996,0.46382801085368397,0.485
Urad,2015,Rabi,Telangana,8126.0,6400,747.9,1283176.66,2681.58,157.91,0.33,0.7875953728771844,0.77
Urad,2015,Kharif,Tripura,2300.0,1281,2334.4,363193.0,759.0,157.91,0.33,0.5569565217391305,0.57125
Urad,2015,Rabi,Tripura,1289.0,960,2334.4,203545.99,425.37,157.91,0.33,0.7447633824670287,0.735
Urad,2015,Kharif,Uttar Pradesh,570013.0,165862,596.7,90010752.83,188104.29,157.91,0.33,0.2909793285416298,0.376486486
Urad,2015,Summer,Uttar Pradesh,47215.0,27233,596.7,7455720.65,15580.95,157.91,0.33,0.5767870380175791,0.6
Urad,2015,Kharif,Uttarakhand,11940.0,7876,1247.6,1885445.4,3940.2,157.91,0.32999999999999996,0.6596314907872697,0.832307692
Urad,2015,Summer,Uttarakhand,59.0,26,1247.6,9316.69,19.47,157.91,0.32999999999999996,0.4406779661016949,0.465
Urad,2015,Kharif,West Bengal,63103.0,43563,1717.0,9964594.73,20823.99,157.91,0.33,0.6903475270589354,0.580625
Urad,2015,Rabi,West Bengal,11177.0,10658,1717.0,1764960.07,3688.41,157.91,0.32999999999999996,0.9535653574304375,0.9
Urad,2016,Kharif,Andhra Pradesh,59661.0,48844,890.0,9143048.25,20881.35,153.25,0.35,0.8186922780375789,0.792307692
Urad,2016,Rabi,Andhra Pradesh,439841.0,280189,890.0,67405633.25,153944.35,153.25,0.35000000000000003,0.6370233789028308,0.64
Urad,2016,Kharif,Arunachal Pradesh,1118.0,966,2933.7,171333.5,391.3,153.25,0.35000000000000003,0.8640429338103757,0.828333333
Urad,2016,Rabi,Arunachal Pradesh,1408.0,1235,2933.7,215776.0,492.8,153.25,0.35000000000000003,0.8771306818181818,0.853333333
Urad,2016,Rabi,Assam,57420.0,38892,2296.8,8799615.0,20097.0,153.25,0.35,0.677324973876698,0.687407407
Urad,2016,Kharif,Bihar,12983.0,11491,1205.6,1989644.75,4544.05,153.25,0.35000000000000003,0.8850804898713702,0.904137931
Urad,2016,Kharif,Chhattisgarh,90063.0,29375,1298.9,13802154.75,31522.05,153.25,0.35,0.32616057648534913,0.342592593
Urad,2016,Rabi,Chhattisgarh,4324.0,1198,1298.9,662653.0,1513.4,153.25,0.35000000000000003,0.27705827937095284,0.301904762
Urad,2016,Kharif,Gujarat,193539.0,117650,710.5,29659851.75,67738.65,153.25,0.35,0.6078878158924041,0.6584375
Urad,2016,Summer,Gujarat,3812.0,4616,710.5,584189.0,1334.2,153.25,0.35000000000000003,1.210912906610703,0.805833333
Urad,2016,Kharif,Haryana,1320.0,600,554.7,202290.0,462.0,153.25,0.35,0.45454545454545453,1.5825
Urad,2016,Kharif,Himachal Pradesh,9124.0,3682,1373.9,1398253.0,3193.4,153.25,0.35000000000000003,0.40355107409031127,0.528181818
Urad,2016,Kharif,Jammu and Kashmir,9636.0,3288,902.8,1476717.0,3372.6,153.25,0.35,0.3412204234122042,0.375
Urad,2016,Autumn,Jharkhand,35690.0,34852,1296.3,5469492.5,12491.5,153.25,0.35,0.9765200336228635,1.117368421
Urad,2016,Kharif,Karnataka,82772.0,40424,1147.2,12684809.0,28970.2,153.25,0.35000000000000003,0.4883777122698497,0.352272727
Urad,2016,Rabi,Karnataka,3318.0,1605,1147.2,508483.5,1161.3,153.25,0.35,0.4837251356238698,0.448
Urad,2016,Summer,Karnataka,2218.0,1205,1147.2,339908.5,776.3,153.25,0.35,0.5432822362488728,0.526363636
Urad,2016,Kharif,Madhya Pradesh,1168000.0,1064000,1048.4,178996000.0,408800.0,153.25,0.35,0.910958904109589,0.914318182
Urad,2016,Kharif,Maharashtra,337944.0,183121,1151.1,51789918.0,118280.4,153.25,0.35,0.541867883436309,0.577878788
Urad,2016,Kharif,Manipur,1443.0,1644,2039.8,221139.75,505.05,153.25,0.35000000000000003,1.1392931392931394,1.144444444
Urad,2016,Rabi,Nagaland,820.0,670,1959.8,125665.0,287.0,153.25,0.35,0.8170731707317073,0.806363636
Urad,2016,Autumn,Odisha,27899.0,11114,1460.5,4275521.75,9764.65,153.25,0.35,0.39836553281479625,0.46
Urad,2016,Summer,Odisha,15269.0,8309,1460.5,2339974.25,5344.15,153.25,0.35,0.5441744711506975,0.4775
Urad,2016,Winter,Odisha,65569.0,29995,1460.5,10048449.25,22949.15,153.25,0.35000000000000003,0.4574570299989324,0.412068966
Urad,2016,Kharif,Puducherry,15.0,21,1391.3,2298.75,5.25,153.25,0.35,1.4,1.4
Urad,2016,Rabi,Puducherry,335.0,318,1391.3,51338.75,117.25,153.25,0.35,0.9492537313432836,0.74
Urad,2016,Summer,Puducherry,402.0,106,1391.3,61606.5,140.7,153.25,0.35,0.263681592039801,0.43
Urad,2016,Kharif,Punjab,2100.0,1100,635.9,321825.0,735.0,153.25,0.35,0.5238095238095238,0.684
Urad,2016,Kharif,Sikkim,2722.0,2526,2971.6,417146.5,952.7,153.25,0.35000000000000003,0.9279941219691403,0.94
Urad,2016,Kharif,Tamil Nadu,71477.0,55256,912.4,10953850.25,25016.95,153.25,0.35000000000000003,0.7730598654112512,0.744666667
Urad,2016,Rabi,Tamil Nadu,358307.0,129356,912.4,54910547.75,125407.45,153.25,0.35,0.361020019145593,0.357
Urad,2016,Kharif,Telangana,41279.0,33776,942.6,6326006.75,14447.65,153.25,0.35,0.8182368758933114,0.826666667
Urad,2016,Rabi,Telangana,10903.0,9010,942.6,1670884.75,3816.05,153.25,0.35000000000000003,0.8263780610841053,0.820416667
Urad,2016,Kharif,Tripura,2590.0,1496,2475.3,396917.5,906.5,153.25,0.35,0.5776061776061776,0.565
Urad,2016,Rabi,Tripura,1250.0,969,2475.3,191562.5,437.5,153.25,0.35,0.7752,0.7625
Urad,2016,Kharif,Uttar Pradesh,594436.0,321228,965.3,91097317.0,208052.6,153.25,0.35000000000000003,0.5403912279875378,0.587123288
Urad,2016,Summer,Uttar Pradesh,49138.0,32055,965.3,7530398.5,17198.3,153.25,0.35,0.6523464528470837,0.6740625
Urad,2016,Kharif,Uttarakhand,12481.0,10194,1580.9,1912713.25,4368.35,153.25,0.35000000000000003,0.8167614774457175,0.862307692
Urad,2016,Summer,Uttarakhand,92.0,53,1580.9,14099.0,32.2,153.25,0.35000000000000003,0.5760869565217391,0.716666667
Urad,2016,Kharif,West Bengal,65540.0,45328,1795.8,10044005.0,22939.0,153.25,0.35,0.6916081782117791,0.65
Urad,2016,Rabi,West Bengal,12180.0,11681,1795.8,1866585.0,4263.0,153.25,0.35,0.9590311986863711,0.939166667
Urad,2017,Kharif,Andhra Pradesh,45798.0,37675,868.2,7210437.12,17403.24,157.44,0.38000000000000006,0.822634176164898,0.87
Urad,2017,Rabi,Andhra Pradesh,357442.0,333413,868.2,56275668.48,135827.96,157.44,0.38,0.9327751075698995,0.911538462
Urad,2017,Kharif,Arunachal Pradesh,1134.0,988,2745.5,178536.96,430.92,157.44,0.38,0.8712522045855379,0.949444444
Urad,2017,Rabi,Arunachal Pradesh,1433.0,1285,2745.5,225611.52,544.54,157.44,0.37999999999999995,0.8967201674808095,0.96
Urad,2017,Rabi,Assam,61460.0,39827,2098.563636,9676262.4,23354.8,157.44,0.38,0.6480149690855841,0.650740741
Urad,2017,Kharif,Bihar,7924.0,7055,1112.0,1247554.56,3011.12,157.44,0.38,0.8903331650681474,0.884814815
Urad,2017,Kharif,Chhattisgarh,85858.0,27787,1124.5,13517483.52,32626.04,157.44,0.38,0.32363903188986465,0.328518519
Urad,2017,Rabi,Chhattisgarh,2485.0,738,1124.5,391238.4,944.3,157.44,0.38,0.29698189134808856,0.2795
Urad,2017,Kharif,Gujarat,128059.0,81324,814.8,20161608.96,48662.42,157.44,0.38,0.6350510311653222,0.6625
Urad,2017,Summer,Gujarat,7890.0,9914,814.8,1242201.6,2998.2,157.44,0.38,1.2565272496831432,0.815625
Urad,2017,Kharif,Haryana,1500.0,530,417.1,236160.0,570.0,157.44,0.38,0.35333333333333333,0.32
Urad,2017,Kharif,Himachal Pradesh,6922.0,4616,1182.2,1089799.68,2630.36,157.44,0.38,0.6668592892227679,0.729090909
Urad,2017,Kharif,Jammu and Kashmir,10256.0,3468,1279.1,1614704.64,3897.28,157.44,0.38,0.3381435257410296,0.371818182
Urad,2017,Rabi,Jammu and Kashmir,64.0,38,1279.1,10076.16,24.32,157.44,0.38,0.59375,0.6
Urad,2017,Kharif,Jharkhand,147191.0,128673,1165.7,23173751.04,55932.58,157.44,0.38,0.8741906774191357,0.825833333
Urad,2017,Kharif,Karnataka,132397.0,64138,1111.7,20844583.68,50310.86,157.44,0.38,0.48443695854135665,0.377
Urad,2017,Rabi,Karnataka,3179.0,1418,1111.7,500501.76,1208.02,157.44,0.38,0.4460522176785153,0.4825
Urad,2017,Summer,Karnataka,992.0,523,1111.7,156180.48,376.96,157.44,0.38,0.5272177419354839,0.48875
Urad,2017,Kharif,Madhya Pradesh,1788800.0,1744360,800.0,281628672.0,679744.0,157.44,0.38,0.9751565295169946,0.742941176
Urad,2017,Summer,Madhya Pradesh,35030.0,49260,800.0,5515123.2,13311.4,157.44,0.38,1.4062232372252355,1.316923077
Urad,2017,Kharif,Maharashtra,350577.0,121178,1129.5,55194842.88,133219.26,157.44,0.38,0.3456530234442077,0.3765625
Urad,2017,Kharif,Manipur,1439.0,1581,1780.0,226556.16,546.82,157.44,0.38000000000000006,1.098679638637943,1.123333333
Urad,2017,Rabi,Nagaland,830.0,680,1722.1,130675.2,315.4,157.44,0.37999999999999995,0.8192771084337349,0.810909091
Urad,2017,Autumn,Odisha,20431.0,6410,1344.4,3216656.64,7763.78,157.44,0.38,0.3137389261416475,0.372307692
Urad,2017,Summer,Odisha,13987.0,6963,1344.4,2202113.28,5315.06,157.44,0.38,0.49781940373203687,0.413333333
Urad,2017,Winter,Odisha,42760.0,15322,1344.4,6732134.4,16248.8,157.44,0.38,0.3583255378858746,0.382413793
Urad,2017,Kharif,Puducherry,10.0,9,1582.4,1574.4,3.8,157.44,0.38,0.9,0.9
Urad,2017,Rabi,Puducherry,259.0,258,1582.4,40776.96,98.42,157.44,0.38,0.9961389961389961,0.75
Urad,2017,Summer,Puducherry,272.0,106,1582.4,42823.68,103.36,157.44,0.38,0.3897058823529412,0.55
Urad,2017,Kharif,Punjab,1600.0,900,497.5,251904.0,608.0,157.44,0.38,0.5625,0.7375
Urad,2017,Kharif,Sikkim,2690.0,2497,2873.6,423513.6,1022.2,157.44,0.38,0.9282527881040892,0.94
Urad,2017,Kharif,Tamil Nadu,58422.0,53226,970.9,9197959.68,22200.36,157.44,0.38,0.9110609017151073,0.892
Urad,2017,Rabi,Tamil Nadu,367910.0,248377,970.9,57923750.4,139805.8,157.44,0.37999999999999995,0.6751026066157484,0.679666667
Urad,2017,Kharif,Telangana,32181.0,25976,815.7,5066576.64,12228.78,157.44,0.38,0.8071843634442684,0.813333333
Urad,2017,Rabi,Telangana,6298.0,5537,815.7,991557.12,2393.24,157.44,0.37999999999999995,0.8791679898380438,0.899130435
Urad,2017,Kharif,Tripura,2868.0,1682,3326.8,451537.92,1089.84,157.44,0.37999999999999995,0.5864714086471409,0.58125
Urad,2017,Rabi,Tripura,2482.0,1765,3326.8,390766.08,943.16,157.44,0.38,0.7111200644641418,0.70125
Urad,2017,Kharif,Uttar Pradesh,565472.0,283320,652.1,89027911.68,214879.36,157.44000000000003,0.37999999999999995,0.5010327655480731,0.603013699
Urad,2017,Summer,Uttar Pradesh,49460.0,31265,652.1,7786982.4,18794.8,157.44,0.38,0.6321269712899312,0.670833333
Urad,2017,Kharif,Uttarakhand,12884.0,9838,1475.8,2028456.96,4895.92,157.44,0.38,0.7635827382800373,0.919230769
Urad,2017,Summer,Uttarakhand,97.0,66,1475.8,15271.68,36.86,157.44,0.38,0.6804123711340206,0.696666667
Urad,2017,Kharif,West Bengal,67548.0,45383,1830.0,10634757.12,25668.24,157.44,0.38,0.6718629715165512,0.582631579
Urad,2017,Rabi,West Bengal,10454.0,9583,1830.0,1645877.76,3972.52,157.44,0.38,0.9166826095274536,0.733076923
Urad,2018,Kharif,Andhra Pradesh,22364.0,18119,1220.5,3627440.8,7827.4,162.2,0.35,0.8101860132355572,0.754615385
Urad,2018,Rabi,Andhra Pradesh,295651.0,292412,1220.5,47954592.2,103477.85,162.20000000000002,0.35000000000000003,0.9890445153238109,0.782307692
Urad,2018,Kharif,Arunachal Pradesh,1144.0,1028,2992.9,185556.8,400.4,162.2,0.35,0.8986013986013986,0.987
Urad,2018,Rabi,Arunachal Pradesh,1448.0,1385,2992.9,234865.6,506.8,162.20000000000002,0.35000000000000003,0.9564917127071824,1.0635
Urad,2018,Rabi,Assam,59866.0,39815,2372.9,9710265.2,20953.1,162.2,0.35,0.6650686533257608,0.668518519
Urad,2018,Kharif,Bihar,8180.0,7312,1521.4,1326796.0,2863.0,162.2,0.35,0.8938875305623472,0.892307692
Urad,2018,Kharif,Chhattisgarh,78781.0,25836,1515.5,12778278.2,27573.35,162.2,0.35,0.32794709384242393,0.331111111
Urad,2018,Rabi,Chhattisgarh,2925.0,871,1515.5,474435.0,1023.75,162.2,0.35,0.29777777777777775,0.324090909
Urad,2018,Kharif,Gujarat,106156.0,61583,1125.4,17218503.2,37154.6,162.2,0.35,0.5801179396360074,0.646875
Urad,2018,Summer,Gujarat,3795.0,5608,1125.4,615549.0,1328.25,162.2,0.35,1.477733860342556,1.45875
Urad,2018,Kharif,Haryana,1276.0,734,533.2,206967.2,446.6,162.20000000000002,0.35000000000000003,0.5752351097178683,0.615
Urad,2018,Kharif,Himachal Pradesh,7001.0,4699,1052.2,1135562.2,2450.35,162.2,0.35,0.6711898300242822,0.732727273
Urad,2018,Kharif,Jammu and Kashmir,10962.0,3704,1016.3,1778036.4,3836.7,162.2,0.35,0.33789454479109654,0.368333333
Urad,2018,Kharif,Jharkhand,128669.0,108197,1222.7,20870111.8,45034.15,162.20000000000002,0.35000000000000003,0.8408940770504162,0.77125
Urad,2018,Kharif,Karnataka,85094.0,41029,1419.1,13802246.8,29782.9,162.20000000000002,0.35000000000000003,0.4821609044115919,0.429285714
Urad,2018,Rabi,Karnataka,2787.0,1484,1419.1,452051.4,975.45,162.20000000000002,0.35000000000000003,0.5324721923214927,0.47125
Urad,2018,Summer,Karnataka,1014.0,521,1419.1,164470.8,354.9,162.2,0.35,0.5138067061143984,0.514285714
Urad,2018,Kharif,Madhya Pradesh,2436898.0,1132524,1102.2,395264855.6,852914.3,162.20000000000002,0.35000000000000003,0.4647400096352002,0.448627451
Urad,2018,Summer,Madhya Pradesh,4234.0,1948,1102.2,686754.8,1481.9,162.20000000000002,0.35000000000000003,0.4600850259801606,0.303478261
Urad,2018,Kharif,Maharashtra,366614.0,154473,1387.4,59464790.8,128314.9,162.2,0.35,0.4213505212566896,0.41137931
Urad,2018,Kharif,Manipur,1372.0,1379,1196.9,222538.4,480.2,162.2,0.35,1.0051020408163265,1.035555556
Urad,2018,Rabi,Nagaland,830.0,680,1372.7,134626.0,290.5,162.2,0.35,0.8192771084337349,0.810909091
Urad,2018,Autumn,Odisha,13720.0,3583,1635.9,2225384.0,4802.0,162.2,0.35,0.2611516034985423,0.336666667
Urad,2018,Summer,Odisha,4571.0,2336,1635.9,741416.2,1599.85,162.2,0.35,0.511047910741632,0.469090909
Urad,2018,Winter,Odisha,39560.0,13123,1635.9,6416632.0,13846.0,162.2,0.35,0.33172396359959555,0.352758621
Urad,2018,Kharif,Puducherry,6.0,5,1693.9,973.2,2.1,162.20000000000002,0.35000000000000003,0.8333333333333334,0.83
Urad,2018,Rabi,Puducherry,155.0,155,1693.9,25141.0,54.25,162.2,0.35,1.0,1.0
Urad,2018,Summer,Puducherry,338.0,152,1693.9,54823.6,118.3,162.2,0.35,0.44970414201183434,0.753333333
Urad,2018,Kharif,Punjab,2000.0,1100,585.5,324400.0,700.0,162.2,0.35,0.55,0.7
Urad,2018,Kharif,Sikkim,2718.0,2545,3350.1,440859.6,951.3,162.2,0.35,0.9363502575423105,0.94
Urad,2018,Kharif,Tamil Nadu,44495.0,33810,986.2,7217089.0,15573.25,162.2,0.35,0.7598606585009552,0.777
Urad,2018,Rabi,Tamil Nadu,396479.0,240497,986.2,64308893.8,138767.65,162.2,0.35,0.6065819375048868,0.607
Urad,2018,Kharif,Telangana,26783.0,22628,1350.3,4344202.6,9374.05,162.2,0.35,0.8448642795803308,0.862307692
Urad,2018,Rabi,Telangana,5289.0,7828,1350.3,857875.8,1851.15,162.20000000000002,0.35000000000000003,1.4800529400642843,1.3956
Urad,2018,Kharif,Tripura,2526.0,1471,2169.1,409717.2,884.1,162.20000000000002,0.35000000000000003,0.5823436262866192,0.58625
Urad,2018,Rabi,Tripura,2334.0,1634,2169.1,378574.8,816.9,162.2,0.35,0.7000856898029134,0.69875
Urad,2018,Kharif,Uttar Pradesh,521486.0,289614,792.8,84585029.2,182520.1,162.20000000000002,0.35000000000000003,0.5553629435881309,0.672297297
Urad,2018,Summer,Uttar Pradesh,45514.0,35754,792.8,7382370.8,15929.9,162.2,0.35,0.7855604868831568,0.82265625
Urad,2018,Kharif,Uttarakhand,12491.0,10727,1373.0,2026040.2,4371.85,162.2,0.35000000000000003,0.8587783203906812,0.950769231
Urad,2018,Summer,Uttarakhand,49.0,32,1373.0,7947.8,17.15,162.20000000000002,0.35,0.6530612244897959,0.825
Urad,2018,Kharif,West Bengal,66685.0,43811,2012.6,10816307.0,23339.75,162.2,0.35,0.65698432930944,0.5755
Urad,2018,Rabi,West Bengal,8186.0,8056,2012.6,1327769.2,2865.1,162.2,0.35,0.9841192279501588,0.727
Urad,2019,Kharif,Andhra Pradesh,15242.0,14254,899.2,2617965.92,5639.54,171.76,0.37,0.9351791103529721,0.834615385
Urad,2019,Rabi,Andhra Pradesh,287929.0,315055,899.2,49454685.04,106533.73,171.76,0.37,1.0942107255608153,0.944615385
Urad,2019,Kharif,Arunachal Pradesh,1148.0,1039,2433.3,197180.48,424.76,171.76000000000002,0.37,0.9050522648083623,0.998695652
Urad,2019,Rabi,Arunachal Pradesh,1454.0,1400,2433.3,249739.04,537.98,171.76000000000002,0.37,0.9628610729023384,1.089130435
Urad,2019,Rabi,Assam,58100.0,34757,2084.7,9979256.0,21497.0,171.76,0.37,0.5982271944922547,0.618888889
Urad,2019,Kharif,Bihar,7102.0,6289,1194.7,1219839.52,2627.74,171.76,0.37,0.8855252041678401,0.890833333
Urad,2019,Kharif,Chhattisgarh,74267.0,24305,1420.3,12756099.92,27478.79,171.76,0.37,0.3272651379482139,0.331428571
Urad,2019,Rabi,Chhattisgarh,1796.0,539,1420.3,308480.96,664.52,171.76000000000002,0.37,0.30011135857461024,0.3096
Urad,2019,Kharif,Gujarat,86469.0,52291,1067.8,14851915.44,31993.53,171.76,0.37,0.6047369577536458,0.700625
Urad,2019,Summer,Gujarat,13456.0,21329,1067.8,2311202.56,4978.72,171.76,0.37,1.5850921521997623,1.580625
Urad,2019,Kharif,Haryana,265.0,136,351.8,45516.4,98.05,171.76000000000002,0.37,0.5132075471698113,0.538333333
Urad,2019,Kharif,Himachal Pradesh,7017.0,5155,1217.7,1205239.92,2596.29,171.76,0.37,0.7346444349437081,0.777272727
Urad,2019,Kharif,Jammu and Kashmir,8315.0,2802,1324.1,1428184.4,3076.55,171.76,0.37,0.3369813589897775,0.370909091
Urad,2019,Rabi,Jammu and Kashmir,6.0,3,1324.1,1030.56,2.22,171.76,0.37000000000000005,0.5,0.48
Urad,2019,Kharif,Jharkhand,128440.0,111657,1137.8,22060854.4,47522.8,171.76,0.37,0.869331983805668,0.841666667
Urad,2019,Kharif,Karnataka,68513.0,32210,1422.3,11767792.88,25349.81,171.76000000000002,0.37,0.47012975639659627,0.384285714
Urad,2019,Rabi,Karnataka,2875.0,1341,1422.3,493810.0,1063.75,171.76,0.37,0.46643478260869564,0.3375
Urad,2019,Summer,Karnataka,223.0,105,1422.3,38302.48,82.51,171.76000000000002,0.37,0.47085201793721976,0.437272727
Urad,2019,Kharif,Madhya Pradesh,1761556.0,462639,1446.7,302564858.6,651775.72,171.7600000227072,0.37,0.2626308786095929,0.356470588
Urad,2019,Summer,Madhya Pradesh,32389.0,40419,1446.7,5563134.64,11983.93,171.76,0.37,1.247923677791843,0.696571429
Urad,2019,Kharif,Maharashtra,340529.0,151195,1555.8,58489261.04,125995.73,171.76,0.37,0.4440003641393244,0.45625
Urad,2019,Rabi,Nagaland,830.0,680,1593.0,142560.8,307.1,171.76,0.37000000000000005,0.8192771084337349,0.810909091
Urad,2019,Autumn,Odisha,10170.0,2986,1593.9,1746799.2,3762.9,171.76,0.37,0.29360865290068827,0.318181818
Urad,2019,Summer,Odisha,8522.0,3212,1593.9,1463738.72,3153.14,171.76,0.37,0.376906829382774,0.409090909
Urad,2019,Winter,Odisha,38948.0,15020,1593.9,6689708.48,14410.76,171.76000000000002,0.37,0.38564239498818936,0.373076923
Urad,2019,Kharif,Puducherry,2.0,2,1317.0,343.52,0.74,171.76,0.37,1.0,1.0
Urad,2019,Rabi,Puducherry,146.0,146,1317.0,25076.96,54.02,171.76,0.37,1.0,1.0
Urad,2019,Summer,Puducherry,321.0,139,1317.0,55134.96,118.77,171.76,0.37,0.43302180685358255,0.723333333
Urad,2019,Kharif,Punjab,2000.0,1200,653.2,343520.0,740.0,171.76,0.37,0.6,0.818
Urad,2019,Kharif,Sikkim,2789.0,2612,2740.0,479038.64,1031.93,171.76,0.37,0.9365363929723916,0.943333333
Urad,2019,Kharif,Tamil Nadu,42597.0,35846,910.1,7316460.72,15760.89,171.76,0.37,0.8415146606568538,0.854333333
Urad,2019,Rabi,Tamil Nadu,362726.0,281577,910.1,62301817.76,134208.62,171.76,0.37,0.7762801673990836,0.759
Urad,2019,Kharif,Telangana,14723.0,13805,1031.7,2528822.48,5447.51,171.76,0.37,0.9376485770563064,0.931481481
Urad,2019,Rabi,Telangana,6816.0,12269,1031.7,1170716.16,2521.92,171.76,0.37,1.8000293427230047,1.787692308
Urad,2019,Kharif,Tripura,2952.0,1857,2252.8,507035.52,1092.24,171.76000000000002,0.37,0.6290650406504065,0.6275
Urad,2019,Rabi,Tripura,1967.0,1445,2252.8,337851.92,727.79,171.76,0.37,0.7346212506354856,0.72875
Urad,2019,Kharif,Uttar Pradesh,518986.0,212530,814.5,89141035.36,192024.82,171.76,0.37,0.4095100831236295,0.592739726
Urad,2019,Summer,Uttar Pradesh,45487.0,32575,814.5,7812847.12,16830.19,171.76,0.37,0.716138676984633,0.788070175
Urad,2019,Kharif,Uttarakhand,13173.0,12233,1378.9,2262594.48,4874.01,171.76,0.37,0.9286419190768997,0.976153846
Urad,2019,Summer,Uttarakhand,69.0,72,1378.9,11851.44,25.53,171.76000000000002,0.37,1.0434782608695652,1.02
Urad,2019,Kharif,West Bengal,66846.0,44876,1733.4,11481468.96,24733.02,171.76000000000002,0.37,0.6713341112407624,0.64
Urad,2019,Rabi,West Bengal,5502.0,5215,1733.4,945023.52,2035.74,171.76,0.37,0.9478371501272265,0.74
Urad,2020,Kharif,Uttarakhand,12398.0,13282,1313.947826,2400376.78,4587.26,193.60999999999999,0.37,1.0713018228746571,1.120769231
Urad,2020,Summer,Uttarakhand,58.0,69,1313.947826,11229.38,21.46,193.60999999999999,0.37,1.1896551724137931,1.193333333
