input_view,model,validation_rmse,validation_mae,validation_r2,selected_by_validation,test_rmse,test_mae,test_r2,test_sample_count
rgb_only,mean_dummy,1.676429213037713,1.0334147362321904,-0.17355700260322782,False,,,,
rgb_only,ridge_alpha_1,1.2829446051218183,0.8940362185484082,0.3126949124500652,False,,,,
rgb_only,ridge_alpha_10,1.3724760083985874,0.8681364930004531,0.21341932566451827,False,,,,
rgb_only,ridge_alpha_100,1.5273450145218568,0.9338292553551395,0.025889886732895717,False,,,,
rgb_only,extra_trees,1.351041943972332,0.8665301586720536,0.23779566702658383,True,1.1762101266473786,0.7446008265253841,0.2935303050398834,13.0
rgb_only,gradient_boosting,1.666737936371046,0.9715652878193966,-0.16002778033872533,False,,,,
ndvi_rendered_png_only,mean_dummy,1.676429213037713,1.0334147362321904,-0.17355700260322782,False,,,,
ndvi_rendered_png_only,ridge_alpha_1,1.2807047323508558,0.9163792635435088,0.3150927277125539,False,,,,
ndvi_rendered_png_only,ridge_alpha_10,1.3234757264883896,0.910536465953447,0.26858188916863035,False,,,,
ndvi_rendered_png_only,ridge_alpha_100,1.4595443851022873,0.9376639685682484,0.11045410064631322,False,,,,
ndvi_rendered_png_only,extra_trees,1.2363243634400423,0.8515924338175251,0.3617385649722019,True,1.098662673334572,0.7723489055913251,0.3836144512009517,13.0
ndvi_rendered_png_only,gradient_boosting,1.6893507126493597,1.040074388310402,-0.19171769421431728,False,,,,
rgb_plus_ndvi_rendered_png,mean_dummy,1.676429213037713,1.0334147362321904,-0.17355700260322782,False,,,,
rgb_plus_ndvi_rendered_png,ridge_alpha_1,1.2567072349928061,0.8755562519970703,0.34051946789399945,False,,,,
rgb_plus_ndvi_rendered_png,ridge_alpha_10,1.2110056157880138,0.7829508325527695,0.3876128584284596,True,1.122577121040373,0.7638772804494912,0.35648884144495385,13.0
rgb_plus_ndvi_rendered_png,ridge_alpha_100,1.3674437925904421,0.849343953491851,0.21917678471287505,False,,,,
rgb_plus_ndvi_rendered_png,extra_trees,1.2669472782064573,0.8604165492176601,0.3297283748212374,False,,,,
rgb_plus_ndvi_rendered_png,gradient_boosting,1.6784769213285722,1.0160469004746358,-0.17642568330180786,False,,,,
