pca_dim_per_modality,total_image_features,model_name,comb_val_r2,comb_val_rmse,comb_val_mae,comb_test_r2,comb_test_rmse,comb_test_mae,tab_val_r2,tab_test_r2,tab_test_rmse,val_r2_gain,test_r2_gain,test_rmse_improvement,both_improved
5,10,GB_shallow,0.7038782728468904,0.7711220065012455,0.46816933599973665,0.6876976087919164,0.8361734060620276,0.5183930609632599,0.7031427671918504,0.6852835524003891,0.8393989400258417,0.0007355056550399919,0.002414056391527364,0.0032255339638140867,True
5,10,GB_default,0.8285864868468832,0.5866924351258808,0.3647295417176874,0.8283302214900203,0.6199485087075708,0.40576922970052337,0.8261824232490845,0.8231652845516075,0.6292054275245298,0.0024040635977986557,0.005164936938412801,0.009256918816959003,True
5,10,GB_subsample,0.754715561176457,0.7018155052221751,0.4178804890446556,0.7513652212326625,0.7460872783577346,0.4668019485750646,0.7557039038148112,0.7502663272686311,0.7477342058495224,-0.0009883426383542337,0.0010988939640314,0.001646927491787853,False
5,10,HistGB_reg,0.7987151817681092,0.6357603957018467,0.3814749288472014,0.7941630042423198,0.6788446716937018,0.42978057931795915,0.7929549724302918,0.7894722323304254,0.686536116372717,0.005760209337817401,0.004690771911894376,0.00769144467901528,True
5,10,HistGB_deep,0.8160005712764523,0.6078496874842647,0.34628700388738665,0.7981711838681762,0.6722027465496327,0.3998726325795648,0.8153609901839323,0.795858174532572,0.6760435805037385,0.0006395810925200474,0.002313009335604188,0.003840833954105727,True
5,10,LGBM_regularized,0.7831948647585463,0.6598158482995223,0.3953480092948333,0.7842679691353551,0.6949699271980648,0.43844021780617665,0.7818562048130897,0.7750509937606407,0.7096606679841054,0.0013386599454565662,0.009216975374714442,0.014690740786040601,True
5,10,LGBM_conservative,0.6386220553241231,0.8518610910523322,0.5095441834985254,0.6114780286908152,0.9326452614958242,0.571931861265609,0.6365142024093409,0.6080556524001917,0.9367439547589894,0.0021078529147822156,0.0034223762906235855,0.004098693263165254,True
10,20,GB_shallow,0.7059183175974673,0.7684612051745592,0.4645954065956145,0.6898842875056483,0.8332409045972369,0.5187303124796977,0.7031427671918504,0.6852835524003891,0.8393989400258417,0.0027755504056168334,0.004600735105259268,0.0061580354286048244,True
10,20,GB_default,0.829446290951525,0.585219171116413,0.3616796324139946,0.830377992005566,0.6162398743274577,0.40725052493525177,0.8261824232490845,0.8231652845516075,0.6292054275245298,0.0032638677024404705,0.007212707453958411,0.012965553197072044,True
10,20,GB_subsample,0.7560472601439717,0.6999077629572872,0.41816718271148384,0.7404818751825719,0.762241418160368,0.479370159599027,0.7557039038148112,0.7502663272686311,0.7477342058495224,0.0003433563291604935,-0.009784452086059159,-0.014507212310845508,False
10,20,HistGB_reg,0.7986223896352129,0.6359069213221523,0.3778536288886581,0.7833490790904895,0.6964484335988738,0.43494114103671416,0.7929549724302918,0.7894722323304254,0.686536116372717,0.0056674172049211435,-0.006123153239935952,-0.009912317226156708,False
10,20,HistGB_deep,0.8164612253608967,0.6070883157843636,0.34650053249263635,0.7941867688906541,0.6788054829888158,0.4041500981056281,0.8153609901839323,0.795858174532572,0.6760435805037385,0.001100235176964448,-0.0016714056419179224,-0.00276190248507735,False
10,20,LGBM_regularized,0.7763783585240446,0.6701081129835867,0.3957991001906741,0.7665178546377622,0.7229953994835709,0.440414551162777,0.7818562048130897,0.7750509937606407,0.7096606679841054,-0.00547784628904513,-0.008533139122878453,-0.013334731499465513,False
10,20,LGBM_conservative,0.6381107225089979,0.8524635497277999,0.5099731469382035,0.6108601839841343,0.9333865336451389,0.5727293238438239,0.6365142024093409,0.6080556524001917,0.9367439547589894,0.0015965200996570506,0.002804531583942671,0.0033574211138505117,True
15,30,GB_shallow,0.6998155268180308,0.776393825544206,0.4676232395629218,0.6852830116289899,0.8393996611872996,0.5223846879510319,0.7031427671918504,0.6852835524003891,0.8393989400258417,-0.0033272403738195955,-5.407713992156005e-07,-7.211614578839232e-07,False
15,30,GB_default,0.8253420931773698,0.5922186581998293,0.36896601653152733,0.8244326570797449,0.6269466187228169,0.4110019306604316,0.8261824232490845,0.8231652845516075,0.6292054275245298,-0.00084033007171469,0.001267372528137356,0.0022588088017129193,False
15,30,GB_subsample,0.7523850964484072,0.7051416227510797,0.4274496887948234,0.7350312576350162,0.7702044410211017,0.49189551497947004,0.7557039038148112,0.7502663272686311,0.7477342058495224,-0.0033188073664039974,-0.015235069633614873,-0.02247023517157931,False
15,30,HistGB_reg,0.7999026425931341,0.6338823174338005,0.3841737524587912,0.7875452888571839,0.689670864206262,0.44098512075258445,0.7929549724302918,0.7894722323304254,0.686536116372717,0.006947670162842368,-0.0019269434732415158,-0.0031347478335449486,False
15,30,HistGB_deep,0.8128660628509786,0.6130053119557655,0.3535083176108822,0.7855570794210247,0.692890413907632,0.4137975861325771,0.8153609901839323,0.795858174532572,0.6760435805037385,-0.0024949273329536448,-0.01030109511154731,-0.01684683340389348,False
15,30,LGBM_regularized,0.787713218673434,0.6529041613231554,0.39525340837179296,0.7779330078762916,0.7050999782780774,0.4457149284355794,0.7818562048130897,0.7750509937606407,0.7096606679841054,0.005857013860344318,0.0028820141156509216,0.004560689706028076,True
15,30,LGBM_conservative,0.6359512516263832,0.8550031830837422,0.5111490517201273,0.608010181119027,0.9367982911879613,0.5737092921669767,0.6365142024093409,0.6080556524001917,0.9367439547589894,-0.0005629507829576497,-4.5471281164610744e-05,-5.433642897190172e-05,False
20,40,GB_shallow,0.6989031721084777,0.7775727825206472,0.47001520102360417,0.6858480819344994,0.8386457569802438,0.5244960955101999,0.7031427671918504,0.6852835524003891,0.8393989400258417,-0.0042395950833726825,0.0005645295341103473,0.0007531830455979049,False
20,40,GB_default,0.8287606144981423,0.5863943683886542,0.36797867600957423,0.8294804507371119,0.6178681152095922,0.413450221659849,0.8261824232490845,0.8231652845516075,0.6292054275245298,0.002578191249057782,0.006315166185504317,0.01133731231493762,True
20,40,GB_subsample,0.7286651593690979,0.7381434014874436,0.43476047562397396,0.7179379465178924,0.7946594053016737,0.48954336537087434,0.7557039038148112,0.7502663272686311,0.7477342058495224,-0.027038744445713303,-0.03232838075073863,-0.046925199452151234,False
20,40,HistGB_reg,0.7980903285919463,0.6367464339936394,0.38242870216869845,0.7853639881481955,0.6932022940753179,0.43759514138718864,0.7929549724302918,0.7894722323304254,0.686536116372717,0.005135356161654503,-0.004108244182229881,-0.006666177702600806,False
20,40,HistGB_deep,0.8173178405156846,0.6056699526652405,0.3502987440362188,0.7937819626607718,0.6794727134281154,0.4076985970940528,0.8153609901839323,0.795858174532572,0.6760435805037385,0.0019568503317523023,-0.002076211871800182,-0.0034291329243769653,False
20,40,LGBM_regularized,0.7857965762717598,0.6558449283486453,0.3912031087661056,0.7810576415235123,0.7001217864238204,0.4414721866460915,0.7818562048130897,0.7750509937606407,0.7096606679841054,0.0039403714586701,0.006006647762871631,0.00953888156028504,True
20,40,LGBM_conservative,0.6372604510167026,0.853464408620779,0.5110143702827543,0.6101773682629213,0.9342050719185342,0.5725868553026342,0.6365142024093409,0.6080556524001917,0.9367439547589894,0.0007462486073617214,0.0021217158627296895,0.0025388828404552255,True
30,60,GB_shallow,0.7041371956321661,0.7707848061147539,0.4676776259135434,0.6854485097787014,0.83917892737907,0.5224092481179932,0.7031427671918504,0.6852835524003891,0.8393989400258417,0.00099442844031572,0.00016495737831234702,0.00022001264677173893,True
30,60,GB_default,0.8288257311257458,0.5862828646761138,0.3700566706064807,0.8198657493127357,0.6350484273977764,0.41759831070146436,0.8261824232490845,0.8231652845516075,0.6292054275245298,0.0026433078766612272,-0.0032995352388718313,-0.005842999873246657,False
30,60,GB_subsample,0.7238940357710766,0.7446048393276696,0.4488161366733451,0.7208209619713581,0.7905877840648676,0.5090061624340496,0.7557039038148112,0.7502663272686311,0.7477342058495224,-0.031809868043734646,-0.02944536529727293,-0.04285357821534519,False
30,60,HistGB_reg,0.7993031966687352,0.6348310906215188,0.37885514665403464,0.7706881488452533,0.7165094891073116,0.44838103291060927,0.7929549724302918,0.7894722323304254,0.686536116372717,0.00634822423844339,-0.01878408348517213,-0.02997337273459455,False
30,60,HistGB_deep,0.8156296477713908,0.6084620595545958,0.35483749723543934,0.7820615140388674,0.698514878295553,0.4111461137227357,0.8153609901839323,0.795858174532572,0.6760435805037385,0.00026865758745853174,-0.013796660493704649,-0.02247129779181456,False
30,60,LGBM_regularized,0.7864818172018562,0.6547950576785411,0.3926300855661047,0.7691723242594535,0.7188737666851663,0.4474994648841032,0.7818562048130897,0.7750509937606407,0.7096606679841054,0.004625612388766465,-0.005878669501187206,-0.009213098701060907,False
30,60,LGBM_conservative,0.6366720767222511,0.8541563004443468,0.5118052793606034,0.6091332343806259,0.9354553621666326,0.5738708757861926,0.6365142024093409,0.6080556524001917,0.9367439547589894,0.00015787431291025555,0.0010775819804342834,0.0012885925923568076,True
