model,split,rmse,mae,r2
dummy_mean,validation,1.4116712587906313,1.0665453132882092,-0.0583120524766773
dummy_mean,test,1.450610460056346,1.1007623720631587,-0.071230060752264
random_forest,validation,0.7729362560680801,0.4490355712306445,0.6827263863722443
random_forest,test,0.7983069848516052,0.4855628731498585,0.6755700047613372
gradient_boosting,validation,0.5621925139616106,0.3617014945233815,0.8321517902975181
gradient_boosting,test,0.577614773593664,0.3933423467446812,0.8301530599614617
hist_gradient_boosting,validation,0.5514694574194849,0.3263296008200313,0.838493678511102
hist_gradient_boosting,test,0.5841065807337089,0.3672165604211495,0.8263137893586641
multimodal_fusion_GB_default_pca10,validation,0.585219171116413,0.3616796324139946,0.829446290951525
multimodal_fusion_GB_default_pca10,test,0.6162398743274577,0.40725052493525177,0.830377992005566
