feature,importance
Latitude,0.1039250131298823
Longitude,0.04237456979354974
State_Andhra Pradesh,0.038189419846398245
Area,0.03320248894049075
Fertilizer,0.032412574952788896
State_Tamil Nadu,0.03218463000438791
Pesticide,0.031157697385183553
Year,0.029139963116603492
EVI_mean,0.02611089939369584
Annual_Rainfall,0.0254144794246754
Season_Rabi,0.0251860621330471
GREEN_min,0.02461032985174225
NDVI_mean,0.023574547010385874
RED_mean,0.02278193645330563
NDWI_mean,0.022541802196498515
GREEN_mean,0.021773456971094826
Fertilizer_per_Area,0.021721424382242744
NIR_mean,0.020032437226921385
GREEN_stdDev,0.018838430150297306
BLUE_mean,0.018814271180927922
State_Punjab,0.018763129604288692
Image_Count,0.017735577409708065
NDVI_max,0.01712276166334995
NDWI_min,0.016009639179872047
RED_max,0.015809739333845396
NIR_stdDev,0.015349578871460363
RED_min,0.015327113743261261
Crop_Maize,0.015296854112254758
NDWI_max,0.01511246025785179
BLUE_stdDev,0.01480524327906617
RED_stdDev,0.014661230886666942
EVI_max,0.014510830096758184
NDWI_stdDev,0.014459156938246962
BLUE_min,0.014292332216636899
Crop_Rice,0.013729222475438787
NIR_min,0.013327452671698851
EVI_min,0.012774361251725834
EVI_stdDev,0.012760968081771863
NDVI_stdDev,0.01257697107958716
Pesticide_per_Area,0.012372598655444546
NDVI_min,0.01229256813148736
NIR_max,0.011704815331052923
BLUE_max,0.011414580839587178
GREEN_max,0.011231609404580518
Season_Kharif,0.007713648346989384
State_Madhya Pradesh,0.003543893613378594
State_Telangana,0.0029338851405469606
State_Karnataka,0.0022998524352697497
State_West Bengal,0.0021493217156629265
State_Maharashtra,0.00194576292891113
State_Odisha,0.001840023515523368
Season_Autumn,0.0017096178328705968
Season_Summer,0.0016286205826223337
State_Gujarat,0.0015842907945344507
State_Assam,0.0015828906304633788
State_Manipur,0.0015544584738056031
State_Kerala,0.001447203837639443
State_Bihar,0.0011452380982524097
State_Jammu and Kashmir,0.0009695260957096181
State_Tripura,0.0008213528828251074
State_Goa,0.0008145175457236408
State_Chhattisgarh,0.0007982117342113062
State_Haryana,0.000727578766950768
State_Sikkim,0.0007091698179111593
Season_Whole Year,0.0006247130471537508
State_Jharkhand,0.0005842233544487492
State_Uttar Pradesh,0.0005800226612399144
Season_Winter,0.0005188696808748958
State_Puducherry,0.00047988411858477224
State_Uttarakhand,0.00045817011004603244
State_Arunachal Pradesh,0.00033461289128746584
State_Mizoram,0.00028038017820157426
State_Delhi,0.0002607145541630793
State_Nagaland,0.0002388251004834472
State_Himachal Pradesh,0.0001747928233468026
State_Meghalaya,0.00011849763060541091
Cloud_Score_Threshold,0.0
Buffer_Degree,0.0
